CREATE TABLE `aktivitas` (
  `id` int(11) NOT NULL AUTO_INCREMENT,
  `uuid` varchar(36) DEFAULT NULL,
  `id_mata_program` int(11) DEFAULT NULL,
  `id_fakultas_unit_old` int(11) DEFAULT NULL,
  `id_fakultas_unit` int(11) DEFAULT NULL,
  `aktivitas` text DEFAULT NULL,
  `PIC` text DEFAULT NULL,
  `target_rk_awal` date DEFAULT NULL,
  `target_rk_akhir` date DEFAULT NULL,
  `status_realisasi` varchar(100) DEFAULT NULL,
  `target_r_awal` date DEFAULT NULL,
  `target_r_akhir` date DEFAULT NULL,
  `detail` text DEFAULT NULL,
  `created_at` timestamp NULL DEFAULT NULL,
  `updated_at` timestamp NULL DEFAULT NULL,
  PRIMARY KEY (`id`),
  KEY `aktivitas_mata_program_FK` (`id_mata_program`) USING BTREE,
  KEY `aktivitas_sijamu_fakultas_unit_old_FK` (`id_fakultas_unit`) USING BTREE 
);

CREATE TABLE `berita_acara` (
  `id` int(11) NOT NULL AUTO_INCREMENT,
  `uuid` varchar(36) DEFAULT NULL,
  `tahun` year(4) NOT NULL,
  `fakultas_unit_old` int(11) DEFAULT NULL,
  `fakultas_unit` int(11) DEFAULT NULL,
  `tanggal` date NOT NULL,
  `auditee` bigint(20) unsigned DEFAULT NULL,
  `auditor1` bigint(20) unsigned DEFAULT NULL,
  `auditor2` bigint(20) unsigned DEFAULT NULL,
  `created_at` timestamp NULL DEFAULT NULL,
  `updated_at` timestamp NULL DEFAULT NULL,
  PRIMARY KEY (`id`),
  KEY `auditee` (`auditee`) USING BTREE,
  KEY `auditor1` (`auditor1`) USING BTREE,
  KEY `auditor2` (`auditor2`) USING BTREE,
  KEY `fakultas_unit` (`fakultas_unit`) USING BTREE
);

CREATE TABLE `dokumen_realisasi_proker` (
  `id` int(11) NOT NULL AUTO_INCREMENT,
  `uuid` varchar(36) DEFAULT NULL,
  `id_fakultas_unit_old` int(11) DEFAULT NULL,
  `id_fakultas_unit` int(11) DEFAULT NULL,
  `id_mata_program` int(11) DEFAULT NULL,
  `jenis_dokumen` varchar(100) DEFAULT NULL,
  `file` text DEFAULT NULL,
  `status_verifikasi` varchar(100) DEFAULT 'belum_terverifikasi',
  `catatan` text DEFAULT NULL,
  `created_at` timestamp NULL DEFAULT NULL,
  `updated_at` timestamp NULL DEFAULT NULL,
  PRIMARY KEY (`id`),
  KEY `dokumen_realisasi_proker_mata_program_FK` (`id_mata_program`) USING BTREE
);

CREATE TABLE `dokumen_tambahan` (
  `id` int(11) NOT NULL AUTO_INCREMENT,
  `uuid` varchar(36) DEFAULT NULL,
  `id_renstra_old` int(11) DEFAULT NULL,
  `id_renstra` int(11) NOT NULL,
  `id_template_dokumen_tambahan` int(11) NOT NULL,
  `file` text DEFAULT NULL,
  `capaian_auditor` varchar(100) DEFAULT NULL,
  `catatan_auditor` text DEFAULT NULL,
  `tugas` varchar(100) NOT NULL DEFAULT 'auditor2',
  `created_at` datetime DEFAULT NULL,
  `updated_at` datetime DEFAULT NULL,
  PRIMARY KEY (`id`),
  KEY `id_template_dokumen_tambahan` (`id_template_dokumen_tambahan`),
  KEY `id_renstra` (`id_renstra`)
);

CREATE TABLE `jadwal_proker` (
  `id` int(11) NOT NULL AUTO_INCREMENT,
  `uuid` varchar(36) DEFAULT NULL,
  `id_fakultas_unit` int(11) DEFAULT NULL,
  `tanggal_tutup` date DEFAULT NULL,
  `tanggal_tutup_dokumen` date DEFAULT NULL,
  `created_at` timestamp NULL DEFAULT NULL,
  `updated_at` timestamp NULL DEFAULT NULL,
  PRIMARY KEY (`id`)
);

CREATE TABLE `jenis_file` (
  `id` bigint(20) unsigned NOT NULL AUTO_INCREMENT,
  `uuid` varchar(36) DEFAULT NULL,
  `nama` varchar(200) NOT NULL,
  PRIMARY KEY (`id`)
);

INSERT INTO `jenis_file` VALUES (1,'LKPS'),(2,'LED Prodi'),(3,'Lainnya'),(4,'dokumen closing, catatan atau audit sebelumnya');

CREATE TABLE `jenis_file_renstra` (
  `id` bigint(20) unsigned NOT NULL AUTO_INCREMENT,
  `uuid` varchar(36) DEFAULT NULL,
  `nama` text NOT NULL,
  `created_at` datetime DEFAULT NULL,
  `updated_at` datetime DEFAULT NULL,
  PRIMARY KEY (`id`)
);

INSERT INTO `jenis_file_renstra` VALUES 
(1,UUID(),'Program Kerja Sesuai Dengan Template 2024 disertai Monev',NULL,'2024-10-08 13:35:36'),
(2,UUID(),'Struktur Organisasi Disertai Dengan Job Description, Job Spesification, Dan Disahkan Dengan SK',NULL,'2024-10-08 13:36:55'),
(3,UUID(),'SOP Pelaksanaan Tugas Sesuai Dengan Job Description Dan Job Spesification',NULL,'2024-10-08 13:37:14'),
(4,UUID(),'Hasil/Catatan Audit/KTS Sebelumnya (2023) Telah Diselesaikan (Closed)',NULL,'2024-10-08 13:37:47'),
(14,UUID(),'Program Kerja Sesuai Dengan Template 2025 disertai Monev','2025-10-13 15:14:06','2025-10-13 15:14:06'),
(15,UUID(),'Hasil/Catatan Audit/KTS Sebelumnya (2024) Telah Diselesaikan (Closed)','2025-10-13 15:14:25','2025-10-13 15:14:25');

CREATE TABLE `kts` (
  `id` int(11) NOT NULL AUTO_INCREMENT,
  `uuid` varchar(36) DEFAULT NULL,
  `id_standar_mutu` bigint(20) unsigned DEFAULT NULL,
  `id_standar_mutu_non_akademik` int(11) DEFAULT NULL,
  `nomor_laporan` varchar(200) DEFAULT NULL,
  `tanggal_laporan` date DEFAULT NULL,
  `auditor1` bigint(20) unsigned DEFAULT NULL,
  `uraian_ketidaksesuaian_p` text DEFAULT NULL,
  `uraian_ketidaksesuaian_l` text DEFAULT NULL,
  `uraian_ketidaksesuaian_o` text DEFAULT NULL,
  `uraian_ketidaksesuaian_r` text DEFAULT NULL,
  `akar_masalah` text DEFAULT NULL,
  `referensi` varchar(255) DEFAULT NULL,
  `hasil_temuan` varchar(50) DEFAULT NULL,
  `detail` longtext CHARACTER SET utf8mb4 COLLATE utf8mb4_bin DEFAULT '[]',
  `tindakan_perbaikan` text DEFAULT NULL,
  `tanggal_penyelesaian` date DEFAULT NULL,
  `acc_auditor1` bigint(20) unsigned DEFAULT NULL,
  `status_acc_auditee` tinyint(1) DEFAULT NULL,
  `acc_auditee` bigint(20) unsigned DEFAULT NULL,
  `tinjauan_tindakan_perbaikan` text DEFAULT NULL,
  `keterangan_tolak_auditee` text DEFAULT NULL,
  `acc_auditor1_final` bigint(20) unsigned DEFAULT NULL,
  `tanggal_closing_auditee` date DEFAULT NULL,
  `closingBy` bigint(20) unsigned DEFAULT NULL,
  `wmm_upmf_upmps` varchar(200) DEFAULT NULL,
  `tanggal_closing` date DEFAULT NULL,
  `created_at` timestamp NULL DEFAULT NULL,
  `updated_at` timestamp NULL DEFAULT NULL,
  PRIMARY KEY (`id`),
  KEY `acc_auditee` (`acc_auditee`) USING BTREE,
  KEY `acc_auditor1` (`acc_auditor1`) USING BTREE,
  KEY `acc_auditor1_final` (`acc_auditor1_final`) USING BTREE,
  KEY `auditor1` (`auditor1`) USING BTREE,
  KEY `closingBy` (`closingBy`) USING BTREE,
  KEY `id_standar_mutu` (`id_standar_mutu`) USING BTREE,
  KEY `id_standar_mutu_non_akademik` (`id_standar_mutu_non_akademik`) USING BTREE
);

CREATE TABLE `m_fakultas` (
  `kode_fakultas` char(9) NOT NULL,
  `kode_pt` char(10) NOT NULL,
  `nama_fakultas` varchar(100) NOT NULL DEFAULT '',
  `pejabat` varchar(50) DEFAULT NULL,
  `jabatan` char(1) DEFAULT NULL,
  `wakil_pejabat` varchar(50) DEFAULT NULL,
  `wakil_pejabat_adm` varchar(50) DEFAULT NULL,
  `logo` varchar(50) DEFAULT NULL,
  PRIMARY KEY (`kode_fakultas`),
  KEY `kode_pt` (`kode_pt`),
  KEY `pejabat` (`pejabat`),
  KEY `wakil_pejabat` (`wakil_pejabat`),
  KEY `wakil_pejabat_adm` (`wakil_pejabat_adm`)
);

INSERT INTO `m_fakultas` VALUES ('01','041004','HUKUM','0410067306','H','0417086801','0414106202',''),('02','041004','EKONOMI DAN BISNIS','0415056901','H','0425097604','0414109101',''),('03','041004','KIP','0416076701','H','0413018604','0415128202',''),('04','041004','ISIB','0416068002','H','0401098708','0413026701',''),('05','041004','TEKNIK','0428106901','H','0424076601','0417097601',''),('06','041004','MIPA','0406097101','H','0404107405','0407027501',''),('07','041004','PASCASARJANA','0403055801','H','0427017501','0025057515',''),('08','041004','VOKASI','0413117601','H','0402047301','0404047007','');

CREATE TABLE `m_program_studi` (
  `kode_prodi` char(10) NOT NULL,
  `kode_pt` char(10) NOT NULL,
  `kode_fak` char(9) DEFAULT NULL,
  `kode_jenjang` varchar(1) DEFAULT NULL,
  `kode_jurusan` char(5) NOT NULL,
  `nama_prodi` varchar(50) DEFAULT NULL,
  `alamat` varchar(100) DEFAULT NULL,
  `kode_kabupaten` int(10) DEFAULT NULL,
  `kode_propinsi` int(10) DEFAULT NULL,
  `kode_negara` int(10) DEFAULT NULL,
  `kode_pos` varchar(10) DEFAULT NULL,
  `telepon` varchar(20) DEFAULT NULL,
  `fax` varchar(20) DEFAULT NULL,
  `email` varchar(50) DEFAULT NULL,
  `website` varchar(50) DEFAULT NULL,
  `sks_lulus` int(11) DEFAULT NULL,
  `status_prodi` varchar(1) DEFAULT NULL,
  `tgl_awal_berdiri` date DEFAULT NULL,
  `semester_awal` varchar(5) DEFAULT NULL,
  `mulai_semester` varchar(5) DEFAULT NULL,
  `no_sk_dikti` varchar(40) DEFAULT NULL,
  `tgl_sk_dikti` date DEFAULT NULL,
  `tgl_akhir_sk_dikti` date DEFAULT NULL,
  `no_sk_ban` varchar(40) DEFAULT NULL,
  `tgl_sk_ban` date DEFAULT NULL,
  `tgl_akhir_sk_ban` date DEFAULT NULL,
  `kode_akreditasi` varchar(1) DEFAULT NULL,
  `frekuensi_kurikulum` varchar(1) DEFAULT NULL,
  `pelaksanaan_kurikulum` varchar(1) DEFAULT NULL,
  `idd_ketua_prodi` varchar(50) DEFAULT NULL,
  `hp_ketua` varchar(20) DEFAULT NULL,
  `idd_nama_operator` varchar(50) DEFAULT NULL,
  `telepon_operator` varchar(20) DEFAULT NULL,
  `nama_sesi` varchar(20) NOT NULL,
  `jumlah_sesi` int(11) NOT NULL,
  `batas_sesi` int(11) NOT NULL,
  `gelar` varchar(20) NOT NULL,
  `gelar_panjang` varchar(200) NOT NULL,
  `no_sk_ban_lama` varchar(40) NOT NULL,
  `logo` varchar(50) DEFAULT NULL,
  `nama_prodi_ing` varchar(50) DEFAULT NULL,
  PRIMARY KEY (`kode_prodi`),
  KEY `kode_pt` (`kode_pt`),
  KEY `kode_fak` (`kode_fak`),
  KEY `kode_jurusan` (`kode_jurusan`),
  KEY `idd_ketua_prodi` (`idd_ketua_prodi`)
);

INSERT INTO `m_program_studi` VALUES ('20201','041004','05','C','05','TEKNIK ELEKTRO',' Jl. Pakuan PO Box 452 Bogor',200,2,NULL,'16143','081382928035','0521 8314332','fteknik@unpak.ac.id','http://ft.unpak.ac.id',144,'A','1986-05-22','20021','20021','8414/D/T/K-IV/2011','2011-08-19','2015-09-23','1151/SK/BAN-PT/Akred/S/XI/2015','2015-11-14','2020-11-14','B','F','A','0428106301','081316626393','EVYTA WISMIANA','0521 8314332','SEMESTER',2,8,'S.T.','Sarjana Teknik','-','',NULL),('22201','041004','05','C','05','TEKNIK SIPIL','Jl. Pakuan',200,2,NULL,'16154','0251314136','0251314136','ft@unpak.ac.id','http://ft.unpak.ac.id',100,'A','1985-12-30','20021','20021','8415/D/T/K-IV/2011','2011-08-19','2015-09-23','247/SK/BAN-PT/Ak-PPJ/S/I/2021','2020-12-30','2025-12-30','B','F','A','0405048403','','','','SEMESTER',2,8,'S.T.','Sarjana Teknik','-','','-'),('29201','041004','05','C','05','TEKNIK GEODESI','Jl. Pakuan PO Box 452  Bogor 16143 Jawa Barat Indonesia',200,2,NULL,'16150','08174990457','02518311007','geo_unpak@yahoo.com.','http://ft.unpak.ac.id',4,'A','1980-10-28','20021','20021','8417/D/TK-IV/2011','2011-08-19','2015-09-23','2275/SK/BAN-PT/Akred/S/VII/2019','2019-07-09','2024-07-09','B','F','A','0415037606','','','','SEMESTER',2,8,'S.T.','Sarjana Teknik','0','','-'),('34201','041004','05','C','05','TEKNIK GEOLOGI','Jl. Ciheulet Pakuan No.1',200,2,NULL,'16143','081931102259','02518311007','geologi@unpak.ac.id','http://www.unpak.ac.id',4,'A','1985-12-30','20021','20021','8417/D/TK-IV/2011','2011-08-19','2015-09-23','5381/SK/BAN-PT/Ak-PPJ/S/IX/2020','2020-09-04','2025-09-04','B','D','A','0411098303','','','','SEMESTER',2,8,'S.T.','Sarjana Teknik','0','','-'),('35201','041004','05','C','05','PERENCANAAN WILAYAH DAN KOTA','Jl. Pakuan',200,2,NULL,'16143','08567220884','02518311007','ft@unpak.ac.id','http://ft.unpak.ac.id',130,'A','1980-10-28','20021','20021','8417/D/TK-IV/2011','2011-08-19','2015-09-23','10328/SK/BAN-PT/Akred/M/VIII/2021','2021-08-24','2026-08-24','B','F','A','0414057303','08128061453','SUPRIA','02518311007','SEMESTER',2,8,'S.P.W.K.','Sarjana Perencanaan Wilayah dan Kota','-','','-'),('44201','041004','06','C','06','MATEMATIKA','Jl. Pakuan PO Box 452  Bogor 16143 Jawa Barat Indonesia\r\n',200,2,NULL,'16143','02517122609','0251375547','matematika@unpak.ac.id','http://math.unpak.ac.id',90,'A','1983-12-22','20021','20021','8064/D/T/K-IV/2011','2011-07-31','2015-09-23','440/SK/BAN-PT/Ak-PPJ/S/I/2021','2021-01-12','2026-01-12','B','D','E','0404017801','08128104148','ANI ANDRIYATI','0251375547','SEMESTER',2,8,'S.Mat.','Sarjana Matematika','0','','-'),('46201','041004','06','C','06','BIOLOGI','Jl. Pakuan No.1',200,2,NULL,'16151','081311082832','02518375547','fmipa@unpak.ac.id','http://www.unpak.ac.id',100,'A','1981-11-08','20021','20021','8062/D/T/K-IV/2011','2011-07-31','2015-09-23','4782/SK/BAN-PT/Akred/S/VIII/2020','2020-08-19','2025-08-19','B','D','E','0422016902','081287794946','DRA. TRIASTINURMIATININGSIH,M.SI','02518375547','SEMESTER',2,8,'S.Si.','Sarjana Sains','-','',NULL),('47201','041004','06','C','06','KIMIA','Jl. Pakuan PO Box 452  Bogor 16143 Jawa Barat Indonesia\r\n',200,2,NULL,'16143','08121835020','0251-8375547','kimia@unpak.ac.id','http://kimia.fmipa.unpak.ac.id',100,'A','1982-12-04','20021','20021','8065/D/T/K-IV/2011','2011-07-31','2015-10-27','2967/SK/BAN-PT/Akred/S/VIII/2019','2019-08-07','2024-08-07','A','D','B','0408129001','','','','SEMESTER',2,8,'S.Si.','Sarjana Sains','0','','-'),('48201','041004','06','C','06','FARMASI','Jl. Pakuan PO Box 452  Bogor 16143 Jawa Barat Indonesia',200,2,NULL,'16143','02519162290','0251-8375547','farmasi_unpak@yahoo.com','http://farmasi.fmipa.unpak.ac.id',24,'A','2001-05-07','20021','20021','10386/D/T/K-IV/2012','2012-02-07','2016-05-26','0470/LAM-PTKes/Akr/Sar/VII/2018','2018-07-07','2023-07-07','B','D','A','0425109101','08129918454','SRI WARDATUN','0251-8375547','SEMESTER',2,8,'S.Farm.','Sarjana Farmasi','0','','-'),('48901','041004','06','J','06','PROFESI APOTEKER','Jl. Pakuan Bogor - Jawa Barat',200,2,NULL,'16129','0251-8312206','0251-8356927','rektorat@unpak.ac.id','https://fmipa.unpak.ac.id/',36,'A','2025-01-21','20242','20242','-','2025-01-21','2029-12-12','-','2025-01-21','2029-12-12','U','F','A','0403086301','','','','Semester',2,4,'apt','Apoteker','-','','Pharmacy Profession'),('55101','041004','07','B','07','ILMU KOMPUTER','Jalan Pakuan No.1 Ciheuleut , Kec. Kota Bogor Tengah, Kota Bogor, Prov. Jawa Barat',200,2,NULL,'16129','0251-8312206','0251-8356927','pasca@unpak.ac.id','https://pasca.unpak.ac.id',39,'A','2024-12-12','20251','20251','57/A/O/2024','2024-12-12','2029-12-12','57/A/O/2024','2024-12-12','2029-12-12','B','F','B','0425087601','','','','Semester',2,4,'M.Kom','Magister Komputer','57/A/O/2024','','Magister Computer Science'),('55201','041004','06','C','06','ILMU KOMPUTER','Jl. Pakuan',200,2,NULL,'16154','081318103370','0251-8375547','ilkom@unpak.ac.id','http://www.unpak.ac.id',17,'A','2005-06-24','20021','20021','10994/D/T/K-IV/2012','2012-03-12','2015-08-24','13704/SK/BAN-PT/Ak-PPJ/S/XII/2021','2021-12-28','2026-12-28','B','D','A','0425038403','','','','SEMESTER',2,8,'S.Kom.','Sarjana Komputer','-','','-'),('56209','041004','08','D','08','KECERDASAN BUATAN DAN ROBOTIK','Jl. Pakuan No.1 Kota Bogor',200,2,NULL,'16151','0821','0','vokasi@unpak.ac.id','https://vokasi.unpak.ac.id',144,'A','2024-03-25','20241','20241','Nomor 106/D/O/2024','2024-03-25','2050-03-25','-','2024-03-25','2024-03-25','B','F','A','0422089401','','','','SEMESTER',8,4,'S.Tr','Sarjana Terapan','-','','Artificial Intelligence and Robotics'),('56401','041004','08','E','08','TEKNIK KOMPUTER','J. Pakuan',200,2,NULL,'16143','087870663038','0251-375547','sekretariatd3tk@unpak.ac.id','http://www.unpak.ac.id',110,'A','2007-08-02','20081','20081','8412/D/T/K-IV/2011','2011-08-19','2013-08-19','4184/SK/BAN-PT/Akred/Dipl-III/XI/2017','2017-11-07','2022-11-07','B','C','A','0418098906','','','','SEMESTER',2,6,'A.Md.T.','Ahli Madya Teknik Komputer','-','','-'),('57401','041004','08','E','08','MANAJEMEN INFORMATIKA','Jl. Pakuan',200,2,NULL,'16143','085719377063','02518375547','sekretariatd3mi@unpak.ac.id','http://www.unpak.ac.id',100,'A','2007-08-02','20071','20071','3020/D/T/K-IV/2010','2010-07-14','2012-07-14','13824/SK/BAN-PT/Ak-PPJ/Dipl-III/XII/2021','2021-12-28','2026-12-28','B','C','A','0402108604','08569093787','JAMILUDIN','02518375547','SEMESTER',2,6,'A.Md.Kom.','Ahli Madya Komputer','-','','-'),('61001','041004','07','A','07','ILMU MANAJEMEN','Jl. Pakuan No. 1',200,2,NULL,'16143','0251-8312206','0251-8356927','s3manajemen@unpak.ac.id','http://pasca.unpak.ac.id',39,'A','2017-05-31','20171','20171','287/KPT/I/2017','2017-05-31','2022-05-31','2823/SK/BAN-PT/Akred/D/VII/2019','2019-07-31','2024-07-31','C','A','A','0411035501','','LANA FADILAH','02518320123','SEMESTER',2,6,'Dr.','Doktor','0','','management science'),('61101','041004','07','B','07','MANAJEMEN','Jl. Pakuan',200,2,NULL,'16154','08111106652','02518320123','s2manajemen@unpak.ac.id','http://pasca.unpak.ac.id',6,'A','2006-09-28','20071','20071','3019/D/T/K-IV/2010','2010-07-14','2013-07-14','2154/SK/BAN-PT/Akred/M/VI/2017','2017-06-20','2022-06-20','A','A','A','0319087004','','','','SEMESTER',2,4,'M.M.','Magister Manajemen','-','','-'),('61105','041004','07','B','07','MANAJEMEN LINGKUNGAN','Jl. Pakuan',200,2,NULL,'16143','085218534206','085218534206','pasca@unpak.ac.id','http://pasca.unpak.ac.id',6,'A','2017-12-05','20172','20172','677/KPT/I/2017','2017-12-05','2017-12-05','5001/SK/BAN-PT/Ak-PNB/M/IX/2020','2020-07-04','2022-07-04','A','D','A','0405077105','081281639705','Fredy Herlambang','085697770081','SEMESTER',2,8,'M.Ling.','Magister Lingkungan','0','',NULL),('61201','041004','02','C','02','MANAJEMEN','Bogor',200,2,NULL,'16143','085710581117','0251-314918 (109)','fekonomi@unpak.ac.id','http://fekonomi.unpak.ac.id',6,'A','1982-05-10','20021','20021','2299/D/T/2007','2020-08-25','2025-08-25','4869/SK/BAN-PT/Akred/S/VIII/2020','2020-08-25','2025-08-25','A','D','B','8878801019','','AHMAD SADIKIN','0251-314918 (119)','SEMESTER',2,8,'S.M.','Sarjana Manajemen','-','',NULL),('61209','041004','02','C','02','BISNIS DIGITAL','Jl. Pakuan No.1',200,2,NULL,'16143','02518312206','02518312206','bisnisdigital@unpak.ac.id','https://bisnisdigital-feb.unpak.ac.id',144,'A','2021-10-04','20211','20211','-','2021-10-04','2026-10-04','-','2021-10-04','2026-10-04','C','F','B','0409128303','081282821076','Sintia Andriani','08569800750','SEMESTER',8,14,'S.Bs','Sarjana Bisnis','-','','Digital Business'),('61403','041004','08','E','08','MANAJEMEN PERPAJAKAN','Jl. Pakuan No.1',200,2,NULL,'16143','02518314918','0251-8314918 (109)','fekonomi@unpak.ac.id','http://fekonomi.unpak.ac.id',6,'A','2000-04-05','20021','20021','10385/D/T/K-IV/2012','2012-02-06','2015-02-06','12265/SK/BAN-PT/Ak-PPJ/Dipl-III/XI/2021	','2021-10-28','2025-10-28','B','D','B','0411046605','','JEFRI HARIMUDIANTO','0251-8314918','SEMESTER',2,6,'A.Md.M.','Ahli Madya Manajemen Pajak','-','','-'),('61406','041004','08','E','08','KEUANGAN DAN PERBANKAN','Jl. Pakuan',200,2,NULL,'16143','081111','02518314918','fekonomi@unpak.ac.id','http://fekonomi.unpak.ac.id',6,'A','2006-08-23','20071','20071','/2012','2012-08-23','2017-12-06','12263/SK/BAN-PT/Ak-PPJ/Dipl-III/XI/2021','2021-10-28','2026-10-28','B','B','B','000002055','','JEFRI','02518314918','SEMESTER',2,6,'A.Md.M.','Ahli Madya Perbankan dan Keuangan','-','','-'),('62201','041004','02','C','02','AKUNTANSI','Bogor',200,2,NULL,'16143','0251 314918','0251 314918 EXT 109','fekonomi@unpak.ac.id','http://fekonomi.unpak.ac.id',6,'A','1982-05-10','20021','20021','10990/D/T/K-IV/2012','2012-03-12','2015-09-23','10988/SK/BAN-PT/Ak-PPJ/S/IX/2021','2021-09-17','2026-09-17','A','D','B','0408127102','02518314918','AHMAD SUCHIA','0251 314918','SEMESTER',2,8,'S.Ak.','Sarjana Akuntansi','-','','-'),('62401','041004','08','E','08','AKUNTANSI','Jl. Pakuan',200,2,NULL,'16143','02518341918','0251-320373 (109)','fekonomi@unpak.ac.id','http://fekonomi.unpak.ac.id',6,'A','2000-04-05','20021','20021','10384/D/T/K-IV/2011','2011-02-07','2015-02-06','10996/SK/BAN-PT/Ak-PPJ/Dipl-III/IX/2021','2021-09-17','2026-09-17','B','D','B','0413117601','081311128757','JEFRI HARIMUDIANTO','0251-320373','SEMESTER',2,6,'A.Md.Ak.','Ahli Madya Akuntansi','-','','-'),('70201','041004','04','C','04','ILMU KOMUNIKASI','Jl. Pakuan',200,2,NULL,'16245','011','02518338650','fisib@unpak.ac.id','http://fisib.unpak.ac.id',50,'A','2008-08-20','20081','20081','11273/D/T/K-IV/2012','2012-03-29','2017-03-29','150/SK/BAN-PT/Akred/S/I/2018','2018-01-03','2023-01-03','B','A','A','0411037204','','','','SEMESTER',2,8,'S.I.Kom.','Sarjana Ilmu Komunikasi','-','','communication science'),('74101','041004','07','B','07','ILMU HUKUM','Jl. Pakuan No. 1',200,2,NULL,'16143','085811211448','(0251)320123','pasca@unpak.ac.id','http://pasca.unpak.ac.id',6,'A','2004-08-04','20041','20091','10955/D/T/K-IV/2012','2012-03-12','2014-07-02','2116/SK/BAN-PT/Ak-PPJ/M/IV/2020','2020-04-01','2025-04-01','B','A','A','0408076801','08129884477','UMPS ILMU HUKUM','(0251)8320123','SEMESTER',2,4,'M.H.','Magister Hukum','-','','-'),('74201','041004','01','C','01','ILMU HUKUM','Jl. Pakuan PO Box 452  Bogor 16143 Jawa Barat Indonesia',200,2,NULL,'16143','081317567126','0251373588','fhukum@unpak.ac.id','http://fhukum.unpak.ac.id',100,'A','1982-05-10','20021','20021','2301/D/T/2011','2011-08-21','2015-08-21','2085/SK/BAN-PT/Ak-PPJ/S/IV/2020','2020-04-01','2025-04-01','A','B','A','0408017802','085219213405','MUCHYAR KAMALDI','0251373588','SEMESTER',2,8,'S.H.','Sarjana Hukum','0','','Law'),('79201','041004','04','C','04','SASTRA INDONESIA','Jl. Pakuan',200,2,NULL,'16451','0251-338650','0251-338650','fisib@unpak.ac.id','http://fisib.unpak.ac.id',135,'A','2000-10-16','20021','20021','10992/D/T/K-IV/2012','2012-03-12','2017-03-12','0431/SK/BAN-PT/Akred/S/I/2017','2017-01-26','2022-01-26','B','B','A','0423066701','','','','SEMESTER',2,8,'S.S.','Sarjana Sastra','-','','Indonesian literature'),('79202','041004','04','C','04','SASTRA INGGRIS','Jl. Pakuan',200,2,NULL,'16143','0251-338650','0251-338650','fisib@unpak.ac.id','http://fisib.unpak.ac.id',135,'A','1982-05-10','20021','20021','8959/D/T/K-IV/2011','2011-09-30','2016-09-30','12403/SK/BAN-PT/Ak-PPJ/S/XI/2021','2021-10-07','2026-10-07','B','B','A','0428118505','081294909678','IMAN SUDIRMAN','0251-338650','SEMESTER',2,8,'S.S.','Sarjana Sastra','-','','-'),('79204','041004','04','C','04','SASTRA JEPANG','Jl. Pakuan',200,2,NULL,'16452','0251-338650','0251-338650','fisib@unpak.ac.id','http://fisib.unpak.ac.id',135,'A','1986-01-15','20021','20021','8418/D/T/K-IV/2011','2011-08-19','2016-08-19','13705/SK/BAN-PT/Ak-PPJ/S/XII/2021','2021-12-28','2026-12-28','B','A','A','0313076603','08129173030','IMAN SUDIRMAN','0251-338650','SEMESTER',2,8,'S.S.','Sarjana Sastra','3317/SK/BAN-PT/Akred/S/XII/2016','','-'),('84101','041004','07','B','07','PENDIDIKAN IPA','Jl. Pakuan No. 1, Ciheuleut.',200,2,NULL,'16143','0251 8320 123','0251 8320 123','pasca@unpak.ac.id','http://pasca.unpak.ac.id',39,'A','2013-12-04','20141','20141','SK','2013-12-02','2019-05-02','4331/SK/BAN-PT/Akred/M/VII/2020','2020-07-29','2025-07-29','A','B','A','0405028902','','','','SEMESTER',2,4,'M.Pd.','Magister Pendidikan','SK 11111','','MASTER OF SCIENCE EDUCATION'),('84205','041004','03','C','03','PENDIDIKAN BIOLOGI','Jl. Pakuan',200,2,NULL,'16143','081211111111','0251-8375608','fkip@unpak.ac.id','http://fkip.unpak.ac.id',6,'A','1982-05-10','20021','20021','2297/D/T/2011','2011-08-21','2015-08-21','4703/SK/BAN-PT/Akred/S/VIII/2020','2020-08-18','2025-08-18','B','D','A','0430058702','','','','SEMESTER',2,8,'S.Pd.','Sarjana Pendidikan','0','','biology education'),('84206','041004','03','C','03','PENDIDIKAN IPA','Jl. Pakuan',200,2,NULL,'16143','081211111111','081211111111','fkip@unpak.ac.id','http://fkip.unpak.ac.id',6,'A','2019-01-07','20191','20191','2297/D/T/2019','2019-01-06','2030-01-06','9452/SK/BAN-PT/Akred/S/VII/2021','2021-07-13','2021-07-13','B','D','A','0409018403','085693810037','HILDA','0821','SEMESTER',2,8,'S.Pd.','Sarjana Pendidikan','0','','-'),('86004','041004','07','A','07','MANAJEMEN PENDIDIKAN','Jl. Pakuan',200,2,NULL,'16154','1111','02518320123','pasca@unpak.ac.id','http://pasca.unpak.ac.id',35,'A','2009-02-09','20091','20091','11274/D/T/K-IV/2012','2012-03-29','2014-02-09','2562/SK/BAN-PT/Akred/D/VIII/2017','2017-08-01','2022-08-01','B','A','A','0428047402','','LANA FADILAH','02518320123','SEMESTER',2,6,'Dr.','Doktor','-','',' Education Management'),('86104','041004','07','B','07','ADMINISTRASI PENDIDIKAN','Pakuan 452 Bogor',200,2,NULL,'11111','082518534206','0251320123','pasca@unpak.ac.id','http://pasca.unpak.ac.id',6,'N','2000-09-22','20021','20021','8063/D/T/K-IV/2011','2011-07-31','2013-10-27','0315/SK/BAN-PT/Akred/M/I/2017','2017-01-10','2022-01-10','A','A','A','0426067204','081282921597','YUDHIE SUCHYADI','0251320123','SEMESTER',2,4,'M.Pd.','Magister Pendidikan','8063/D/T/K-IV/2011','','-'),('86122','041004','07','B','07','PENDIDIKAN DASAR','Jl. Pakuan No.1',200,2,NULL,'16143','0251','0251','s2pendas@unpak.ac.id','https://pendas-pasca.unpak.ac.id',39,'A','2022-09-15','20221','20221','067/E/O/2022','2022-09-15','2052-09-15','-','2022-09-15','2022-09-15','B','F','B','0403087102','','Lana','','SEMESTER',4,8,'M.Pd','Magister Pendidikan','067/E/O/2022','','Basic Education'),('86139','041004','07','B','07','MANAJEMEN PENDIDIKAN','Jl. Pakuan No.1',200,2,NULL,'16143','089638332732','0251320123','pasca@unpak.ac.id','https://pasca.unpak.ac.id',6,'A','2023-02-15','20232','20232','199/E/O/2024','2024-02-15','2050-02-15','2184/SK/BAN-PT/Ak.Ppj/M/VI/2023','2023-06-06','2028-06-06','U','A','A','0412117404','081282921597','LINGGAR','089638332732','SEMESTER',2,4,'M.Pd','Magister Pendidikan','8063/D/T/K-IV/2011','','Education Management'),('86206','041004','03','C','03','PENDIDIKAN GURU SEKOLAH DASAR','jl. Pakuan',200,2,NULL,'16143','08111106652','0251-8356927','pgsd@unpak.ac.id','http://pgsd.fkip.unpak.ac.id',6,'A','2007-07-19','20071','20151','1923/D/T/2011','2011-08-19','2015-08-19','13797/SK/BAN-PT/Ak-PPJ/S/XII/2021','2021-12-28','2026-12-28','B','F','A','0425128802','','ELLA','085811849444','SEMESTER',2,16,'S.Pd.','Sarjana Pendidikan','3318/SK/BAN-PT/Akred/S/XII/2016 ','','-'),('86276','041004','03','C','03','PSKGJ PENDIDIKAN GURU SEKOLAH DASAR (PGSD)','Jl. Pakuan No.1',200,2,NULL,'16143','0251-8312206','0251-8312206','fkip@unpak.ac.id','http://fkip.unpak.ac.id',6,'N','2009-02-16','20091','20091','015/P/2009','2009-02-16','2015-02-16','-','2012-10-10','2012-10-10','C','D','A','0405076901','','FAJAR','','SEMESTER',2,8,'S.Pd.','Sarjana Pendidikan','-',NULL,NULL),('86904','041004','03','J','03','PENDIDIKAN PROFESI GURU','Jl. Pakuan',200,2,NULL,'16143','0251-8312206','0251-8356927','fkip@unpak.ac.id','http://www.unpak.ac.id',8,'A','2018-11-30','20191','20191','-','2018-11-30','2018-11-30','768/SK/BAN-PT/Ak-PKP/PP/II/2021','2021-02-10','2026-02-10','B','B','A','0405128703','','M. Ganeswara','081389121786','SEMESTER',2,2,'-','-','-','','-'),('88201','041004','03','C','03','PENDIDIKAN BAHASA DAN SASTRA INDONESIA','Jl. Pakuan',200,2,NULL,'16456','081311111111','0251-375608','fkip@unpak.ac.id','http://www.unpak.ac.id',6,'A','1982-05-10','20021','20021','2304/D/T/2011','2011-08-21','2015-08-21','2123/SK/BAN-PT/Ak-PPJ/S/IV/2020','2020-04-01','2025-04-01','B','D','A','0417099101','','','','SEMESTER',2,8,'S.Pd.','Sarjana Pendidikan','0','','Indonesian language and literature education'),('88203','041004','03','C','03','PENDIDIKAN BAHASA INGGRIS','Pakuan 452',200,2,NULL,'111111','0812000000000','02518375608','fkip@unpak.ac.id','http://fkip.unpak.ac.id',6,'A','1982-05-10','20021','20021','2305/D/T/2011','2011-08-21','2015-08-21','13796/SK/BAN-PT/Ak-PPJ/S/XII/2021','2022-01-11','2027-01-11','B','A','A','0404038901','','','','SEMESTER',2,8,'S.Pd.','Sarjana Pendidikan','0165/SK/BAN-PT/Akred/S/I/2017','','-'),('95102','041004','07','B','07','PKLH','Jl. Pakuan',200,2,NULL,'16145','085218534206','02518320123','pasca@unpak.ac.id','http://pasca.unpak.ac.id',6,'N','2000-09-22','20021','20021','1359/D/T/K-IV/2012','2012-10-19','2015-10-27','2212/SK/BAN-PT/Akred/M/VII/2017','2017-07-04','2022-07-04','A','A','A','0323016503','','Fredy Herlambang','02518320123','SEMESTER',2,4,'M.Ling.','Magister Lingkungan','-','','-'),('95125','041004','07','B','07','PERENCANAAN WILAYAH DAN KOTA','Jl. Pakuan',200,2,NULL,'16143','02518311007','02518311007','pasca@unpak.ac.id','https://pasca.unpak.ac.id',5,'A','2019-01-10','20191','20191','-','2019-01-10','2030-01-20','-','2019-01-20','2025-01-20','C','D','A','0024087504','081355131023','','','SEMESTER',2,4,'M.P.W.K.','Magister Perencanaan Wilayah dan Kota','-','','-');

CREATE TABLE `master_indikator_renstra` (
  `id` int(11) NOT NULL AUTO_INCREMENT,
  `uuid` varchar(36) DEFAULT NULL,
  `id_master_standar` int(11) DEFAULT NULL,
  `indikator` text NOT NULL,
  `parent` int(11) DEFAULT NULL,
  `tahun` year(4) NOT NULL,
  `tipe_target` text DEFAULT NULL,
  `operator` varchar(5) DEFAULT NULL,
  `created_at` datetime DEFAULT NULL,
  `updated_at` datetime DEFAULT NULL,
  PRIMARY KEY (`id`),
  KEY `id_master_standar` (`id_master_standar`),
  KEY `PARENT` (`parent`)
);

CREATE TABLE `master_standar_renstra` (
  `id` int(11) NOT NULL AUTO_INCREMENT,
  `uuid` varchar(36) DEFAULT NULL,
  `nama` text NOT NULL,
  `created_at` datetime DEFAULT NULL,
  `updated_at` datetime DEFAULT NULL,
  PRIMARY KEY (`id`)
);

CREATE TABLE `master_tahun` (
  `id` int(11) NOT NULL AUTO_INCREMENT,
  `uuid` varchar(36) DEFAULT NULL,
  `tahun` varchar(100) DEFAULT NULL,
  `status` varchar(100) DEFAULT NULL,
  `created_at` timestamp NULL DEFAULT NULL,
  `updated_at` timestamp NULL DEFAULT NULL,
  PRIMARY KEY (`id`)
);

INSERT INTO `master_tahun` VALUES 
(7,UUID(),'2023','non-aktif','2025-07-24 23:49:36','2025-09-01 06:45:30'),
(10,UUID(),'2024','aktif','2025-07-24 23:49:36','2025-11-25 03:07:47'),
(13,UUID(),'2025','aktif','2025-07-24 23:49:36','2025-08-22 03:34:11');

CREATE TABLE `mata_program` (
  `id` int(11) NOT NULL AUTO_INCREMENT,
  `uuid` varchar(36) DEFAULT NULL,
  `mata_program` text DEFAULT NULL,
  `id_fakultas_unit_old` int(11) DEFAULT NULL,
  `id_fakultas_unit` int(11) DEFAULT NULL,
  `id_master_tahun` int(11) DEFAULT NULL,
  `created_at` timestamp NULL DEFAULT NULL,
  `updated_at` timestamp NULL DEFAULT NULL,
  PRIMARY KEY (`id`),
  KEY `mata_program_master_tahun_FK` (`id_master_tahun`) USING BTREE,
  KEY `mata_program_sijamu_fakultas_unit_FK` (`id_fakultas_unit`) USING BTREE
);

CREATE TABLE `renstra` (
  `id` int(11) NOT NULL AUTO_INCREMENT,
  `uuid` varchar(36) DEFAULT NULL,
  `tahun` year(4) NOT NULL,
  `fakultas_unit_old` int(11) DEFAULT NULL,
  `fakultas_unit` int(11) DEFAULT NULL,
  `periode_upload_mulai` datetime NOT NULL,
  `periode_upload_akhir` datetime NOT NULL,
  `periode_assesment_dokumen_mulai` datetime NOT NULL,
  `periode_assesment_dokumen_akhir` datetime NOT NULL,
  `periode_assesment_lapangan_mulai` datetime NOT NULL,
  `periode_assesment_lapangan_akhir` datetime NOT NULL,
  `kodeAkses` varchar(255) DEFAULT NULL,
  `auditee` bigint(20) unsigned DEFAULT NULL,
  `auditor1` bigint(20) unsigned DEFAULT NULL,
  `auditor2` bigint(20) unsigned DEFAULT NULL,
  `catatan` text DEFAULT NULL,
  `catatan2` text DEFAULT NULL,
  `created_at` datetime DEFAULT NULL,
  `updated_at` datetime DEFAULT NULL,
  PRIMARY KEY (`id`),
  KEY `fakultas_unit` (`fakultas_unit`),
  KEY `auditee` (`auditee`),
  KEY `auditor1` (`auditor1`),
  KEY `auditor2` (`auditor2`)
);

CREATE TABLE `renstra_nilai` (
  `id` int(11) NOT NULL AUTO_INCREMENT,
  `uuid` varchar(36) DEFAULT NULL,
  `id_renstra_old` int(11) DEFAULT NULL,
  `id_renstra` int(11) NOT NULL,
  `template_renstra` int(11) NOT NULL,
  `tugas` varchar(100) NOT NULL,
  `capaian` text DEFAULT NULL,
  `catatan` text DEFAULT NULL,
  `link_bukti` text DEFAULT NULL,
  `capaian_auditor` text DEFAULT NULL,
  `catatan_auditor` text DEFAULT NULL,
  `created_at` datetime DEFAULT NULL,
  `updated_at` datetime DEFAULT NULL,
  PRIMARY KEY (`id`),
  KEY `id_renstra` (`id_renstra`),
  KEY `renstra_nilai_ibfk_2` (`template_renstra`)
);

CREATE TABLE `sijamu_fakultas_unit` (
  `id` int(11) NOT NULL AUTO_INCREMENT,
  `uuid` varchar(36) DEFAULT NULL,
  `kode_fakultas` char(9) DEFAULT NULL,
  `kode_prodi` char(10) DEFAULT NULL,
  `nama` varchar(100) DEFAULT NULL,
  `id_m_prodi` int(11) DEFAULT NULL,
  `standalone` tinyint(4) DEFAULT 0,
  PRIMARY KEY (`id`)
);

INSERT INTO `sijamu_fakultas_unit` VALUES 
(1,UUID(),'01','74201',NULL,7,0),
(2,UUID(),'02','61201',NULL,8,0),
(3,UUID(),'02','61209',NULL,84,0),
(4,UUID(),'02','62201',NULL,12,0),
(5,UUID(),'03','84205',NULL,18,0),
(6,UUID(),'03','84206',NULL,73,0),
(7,UUID(),'03','86206',NULL,19,0),
(8,UUID(),'03','86276','PKSGJ',NULL,0),
(9,UUID(),'03','86904','PPG',NULL,0),
(10,UUID(),'03','88201',NULL,17,0),
(11,UUID(),'03','88203',NULL,16,0),
(12,UUID(),'04','70201',NULL,23,0),
(13,UUID(),'04','79201',NULL,21,0),
(14,UUID(),'04','79202',NULL,20,0),
(15,UUID(),'04','79204',NULL,22,0),
(16,UUID(),'05','20201',NULL,27,0),
(17,UUID(),'05','22201',NULL,26,0),
(18,UUID(),'05','29201',NULL,24,0),
(19,UUID(),'05','34201',NULL,28,0),
(20,UUID(),'05','35201',NULL,25,0),
(21,UUID(),'06','44201',NULL,31,0),
(22,UUID(),'06','46201',NULL,29,0),
(23,UUID(),'06','47201',NULL,30,0),
(24,UUID(),'06','48201',NULL,33,0),
(25,UUID(),'06','55201',NULL,32,0),
(26,UUID(),'07','61001',NULL,58,0),
(27,UUID(),'07','61101',NULL,54,0),
(28,UUID(),'07','61105',NULL,59,0),
(29,UUID(),'07','74101',NULL,55,0),
(30,UUID(),'07','84101',NULL,56,0),
(31,UUID(),'07','86004',NULL,57,0),
(32,UUID(),'07','86104',NULL,53,0),
(33,UUID(),'07','86122',NULL,87,0),
(34,UUID(),'07','95102','PKLH',NULL,0),
(35,UUID(),'07','95125',NULL,70,0),
(36,UUID(),'08','56401',NULL,34,0),
(37,UUID(),'08','57401',NULL,35,0),
(38,UUID(),'08','61403',NULL,14,0),
(39,UUID(),'08','61406',NULL,15,0),
(40,UUID(),'08','62401',NULL,13,0),
(41,UUID(),'U1',NULL,'PUTIK (PUSAT TEKNOLOGI INFORMASI DAN KOMUNIKASI)',NULL,0),
(64,UUID(),'U2',NULL,'SEKRETARIS UNIVERSITAS',NULL,0),
(65,UUID(),'U3',NULL,'WAKIL REKTOR 1',NULL,0),
(66,UUID(),'U4',NULL,'WAKIL REKTOR 2',NULL,0),
(67,UUID(),'U5',NULL,'WAKIL REKTOR 3',NULL,0),
(68,UUID(),'U6',NULL,'Kantor Pengembangan Karir dan Tracer Study',NULL,0),
(69,UUID(),'U7',NULL,'LPM',NULL,0),
(70,UUID(),'U8',NULL,'LPPM',NULL,0),
(71,UUID(),'U9',NULL,'PERPUSTAKAAN PUSAT',NULL,0),
(72,UUID(),'U10',NULL,'HUMAS DAN PROMOSI',NULL,0),
(73,UUID(),'06',NULL,'PERPUSTAKAAN MIPA',61,0),
(74,UUID(),'06',NULL,'DIVISI PENELITIAN DAN PENGABDIAN FMIPA',62,0),
(75,UUID(),'U13',NULL,'UNPAK PRES',NULL,0),
(76,UUID(),'03',NULL,'FKIP KKN',65,0),
(77,UUID(),'03',NULL,'LABORATORIUM FKIP',66,0),
(78,UUID(),'03',NULL,'FKIP E-JOURNAL',68,0),
(79,UUID(),'06',NULL,'UPMF MIPA',75,0),
(80,UUID(),'06',NULL,'Laboratorium FMIPA ',76,0),
(81,UUID(),'06',NULL,'Laboratorium Service ',77,0),
(82,UUID(),'06',NULL,'Apotek',78,0),
(83,UUID(),'06',NULL,'Unit Pelayanan Kesehatan',79,0),
(84,UUID(),'06',NULL,'Unit Publikasi dan jurnal',80,0),
(85,UUID(),'06',NULL,'Unit Comstract dan Data Sience Center',81,0),
(86,UUID(),'03',NULL,'Perpustakaan FKIP',82,0),
(87,UUID(),'03',NULL,'Bimbingan Konseling FKIP',83,0),
(88,UUID(),'U26',NULL,'Pusat Inovasi',NULL,0),
(89,UUID(),'U27',NULL,'Inkubator Bisnis',NULL,0),
(91,UUID(),'01',NULL,NULL,NULL,1),
(94,UUID(),'02',NULL,NULL,NULL,1),
(97,UUID(),'03',NULL,NULL,NULL,1),
(100,UUID(),'04',NULL,NULL,NULL,1),
(103,UUID(),'05',NULL,NULL,NULL,1),
(106,UUID(),'06',NULL,NULL,NULL,1),
(109,UUID(),'07',NULL,NULL,NULL,1),
(112,UUID(),'08',NULL,NULL,NULL,1),
(113,UUID(),'U155',NULL,'Kantor Kemitraan dan Hubungan Internasional',NULL,0),
(116,UUID(),'U28',NULL,'BAUM',NULL,0),
(119,UUID(),'U29',NULL,'BAAK',NULL,0),
(121,UUID(),'08','56209',NULL,NULL,0),
(122,UUID(),'U28',NULL,'WAKIL REKTOR 4',NULL,0),
(125,UUID(),'U29',NULL,'Kemitraan',NULL,0),
(126,UUID(),'07','55101',NULL,NULL,0),
(127,UUID(),'06','48901',NULL,NULL,0),
(128,UUID(),'03',NULL,'LABORATORIUM SENI',66,0),
(129,UUID(),'03',NULL,'LABORATORIUM BAHASA INGGRIS',66,0),
(130,UUID(),'03',NULL,'LABORATORIUM MICROTEACHING',66,0),
(131,UUID(),'03',NULL,'LABORATORIUM KOMPUTER',66,0);

CREATE TABLE `template_dokumen_tambahan` (
  `id` int(11) NOT NULL AUTO_INCREMENT,
  `uuid` varchar(36) DEFAULT NULL,
  `tahun` varchar(100) NOT NULL,
  `jenis_file` bigint(11) unsigned NOT NULL,
  `pertanyaan` text NOT NULL,
  `klasifikasi` varchar(100) NOT NULL,
  `fakultas_prodi_unit` varchar(100) NOT NULL,
  `tugas` varchar(100) NOT NULL DEFAULT 'auditor2',
  `created_at` datetime DEFAULT NULL,
  `updated_at` datetime DEFAULT NULL,
  PRIMARY KEY (`id`),
  KEY `jenis_file` (`jenis_file`)
);

CREATE TABLE `template_renstra` (
  `id` int(11) NOT NULL AUTO_INCREMENT,
  `uuid` varchar(36) DEFAULT NULL,
  `tahun` year(4) NOT NULL,
  `indikator` int(11) NOT NULL,
  `pertanyaan` tinyint(1) NOT NULL DEFAULT 0,
  `fakultas_unit` int(11) NOT NULL,
  `kategori` varchar(100) NOT NULL,
  `klasifikasi` varchar(100) NOT NULL,
  `satuan` varchar(100) DEFAULT NULL,
  `target` varchar(100) DEFAULT NULL,
  `target_min` varchar(100) DEFAULT NULL,
  `target_max` varchar(100) DEFAULT NULL,
  `tugas` varchar(100) NOT NULL,
  `created_at` datetime DEFAULT NULL,
  `updated_at` datetime DEFAULT NULL,
  PRIMARY KEY (`id`),
  KEY `indikator` (`indikator`),
  KEY `fakultas_unit` (`fakultas_unit`)
);

CREATE TABLE `users` (
  `id` bigint(20) unsigned NOT NULL AUTO_INCREMENT,
  `uuid` varchar(36) DEFAULT NULL,
  `nidn_username` varchar(255) NOT NULL,
  `password` varchar(255) NOT NULL,
  `level` enum('','admin','auditee','auditor1','auditor2','fakultas') NOT NULL,
  `name` varchar(255) NOT NULL,
  `email` varchar(255) DEFAULT NULL,
  `fakultas_unit` int(11) DEFAULT NULL,
  `foto` text DEFAULT NULL,
  `email_verified_at` timestamp NULL DEFAULT NULL,
  `remember_token` varchar(100) DEFAULT NULL,
  `reset_password` int(11) DEFAULT 0,
  `created_at` timestamp NULL DEFAULT NULL,
  `updated_at` timestamp NULL DEFAULT NULL,
  PRIMARY KEY (`id`)
);

INSERT INTO `users` VALUES 
(2,UUID(),'admin','$2y$10$OKzK1M/XuKAuUCtfQ6FvBeZpyxjQYkMQnj8QcySVzY/cQ7Xk8s1hW','admin','Admin',NULL,NULL,'Tangkapan Layar 2025-10-17 pukul 09.48.28.png',NULL,NULL,0,'2023-05-18 18:45:52','2025-10-22 06:02:49'),
(40,UUID(),'Didik NotoSudjono','$2y$10$uPFePuHtBrbp0FGwz82O/u.imhEDzr6C6ndQPHzSOfYyWo/e9d37u','auditor1','Prof. Dr. Ir. rer. pol. Didik NotoSudjono, M.Sc','didiknotosudjono@unpak.ac.id',NULL,NULL,NULL,NULL,NULL,'2023-10-02 02:45:45','2024-11-30 08:45:29'),
(43,UUID(),'Istiqlaliah','$2y$10$Ld0Ws48jrqWfONzmsu0bweSDl0WqCwmhr7SVwkyeUfVlVVA4bqdcO','auditor1','Dr. Istiqlaliah Nurul  Hidayati, M.Pd','istiqlaliah@unpak.ac.id',NULL,'aku2.jpg',NULL,NULL,NULL,'2023-10-02 02:48:45','2024-12-30 07:04:23'),
(46,UUID(),'Eri Sarimanah','$2y$10$jsegv/6gGVmrex3hxHnwo.vIav6hfnwYshQUJwk.OkJKbg1jkjPje','auditor1','Prof. Dr. Eri Sarimanah, M.Pd','erisarimanah@unpak.ac.id',NULL,NULL,NULL,NULL,NULL,'2023-10-02 02:49:22','2024-11-30 08:45:40'),
(49,UUID(),'Yuary Farradia','$2y$10$ingyBMcI42jlDlKunW/HO.5Ni4y1.nlonFjsMyL4dGjXTbnDnFYn6','auditor1','Dr. Ir. Yuari Farradia, M.Sc','yuary.farradia@unpak.ac.id',NULL,NULL,NULL,NULL,NULL,'2023-10-02 02:52:36','2025-01-15 06:11:09'),
(52,UUID(),'Andi Chaerunnas','$2y$10$QhSKATxTznNh9Dl2IBGlN.DyG7H2xvsIHJE8beWChxfrHP7WJQeoS','auditor1','Dr. Andi Chairunnas, M.Pd,.M.Kom','andichairunnas@unpak.ac.id',NULL,NULL,NULL,NULL,NULL,'2023-10-02 02:53:15','2024-11-30 08:46:20'),
(55,UUID(),'Griet Helena','$2y$10$jyCXqbg1.JPqFF4EBnXOcOYvFa8WuRaiFUfQEFOdXonQgsSNYrPOa','auditor1','Dr. Griet Helena Laihad, M.Pd','grihela@unpak.ac.id',NULL,'FOTO GHL.jpeg',NULL,NULL,NULL,'2023-10-02 02:54:26','2025-02-23 13:27:47'),
(58,UUID(),'Agung Fajar','$2y$10$lICelZarONq09QzEZVRQjeWMOvlm/7UMMcCjPpDQA4Nap8d4k6APC','auditor1','Dr. Agung Fajar Ilmiyono, SE.,M.Ak.,AWP.,CFA.,CAP','agung.fajar@unpak.ac.id',NULL,'IMG_Foto Agung.jpg',NULL,NULL,NULL,'2023-10-02 02:55:01','2024-12-23 03:41:52'),
(61,UUID(),'Edi Rohaedi','$2y$10$uC7MyfUQijl0Yv.xTlILBeSOWQBd1IFTzWr3gxRw/XG8V3U1Qa2Ja','auditor1','Edi Rohaedi, SH.,MH','edi.rohaedi@unpak.ac.id',NULL,NULL,NULL,NULL,1,'2023-10-02 02:55:25','2024-11-29 12:53:03'),
(64,UUID(),'Prihastuti Harsani','$2y$10$Ttz.xCyEQTV.ggSVcmIIueGRacOqfzTUdTyfdbhGnft2kymwcf/7S','auditor1','Dr. Prihastuti Harsani, M.Si','prihastuti.harsani@unpak.ac.id',NULL,'Foto.jpg',NULL,NULL,NULL,'2023-10-02 02:56:02','2024-12-16 09:38:10'),
(67,UUID(),'Herman','$2y$10$EZshWaUkDra0ZbhWvNSlIuu5w2IYxPku3JM9VBncU9Ihh6kqOxYWG','auditor1','Dr. Herman, M.M','herman_fhz@unpak.ac.id',NULL,NULL,NULL,NULL,NULL,'2023-10-02 02:56:38','2025-07-26 02:19:09'),
(70,UUID(),'Cantika Zaddana','$2y$10$61lLrJTmJjov7ys7n8N8V.s/CIk8TlTHpjUxnOKqmtgOp5sFHb/KS','auditor1','Cantika Zaddana, S.Gz, M.Si','cantika.zaddana@unpak.ac.id',NULL,'the newest.jpg',NULL,NULL,NULL,'2023-10-02 02:57:04','2025-08-11 08:03:05'),
(73,UUID(),'Indri Yani','$2y$10$fsxG71.B7HYSPwnw4U7wVOu4YTZtKHUDJrOog1x59/0TGYmpWHyue','auditor1','Dr. Indri Yani, M.Pd','indri@unpak.ac.id',NULL,NULL,NULL,NULL,1,'2023-10-02 02:57:34','2024-11-29 12:20:50'),
(76,UUID(),'Indarini','$2y$10$dhJ8GjS/iFeTo2wi3HDiy.PPzqLY4.ljrEwE4TieK9bLOIM/3UPRy','auditor1','Prof. Dr. Indarini Dwi Pursitasari, M.Si','indarini.dp@unpak.ac.id',NULL,NULL,NULL,NULL,1,'2023-10-02 02:59:10','2024-12-02 08:33:30'),
(79,UUID(),'Dolly Priatna','$2y$10$MLDSXqLMI/3Zc7f8kMxN6.l3o4pzxNMPcPeqSouwUX8EKj5r4JN7O','auditor1','Dr. Dolly Priatna, M.Si','dollypriatna@unpak.ac.id',NULL,NULL,NULL,NULL,NULL,'2023-10-02 02:59:27','2025-11-18 03:31:54'),
(82,UUID(),'Anna Permanasari','$2y$10$mCGcvCnOJt9W1hQOOt7qQ.TeqpF8ZxSJe4eqcT0fnigudZeocXjyq','auditor1','Prof. Dr. Anna Permanasari, M.Si','anna.permanasari@unpak.ac.id',NULL,NULL,NULL,NULL,1,'2023-10-02 02:59:44','2024-11-30 02:44:03'),
(85,UUID(),'Indarti','$2y$10$jMZ2l6IgzjFgcmlpmOmGJOJv6xyEb4V9ujDQXMoeERNWesKM7h8Mq','auditor1','Dr.  Ir. Indarti Komala Dewi. M.Si','indarti@unpak.ac.id',NULL,NULL,NULL,NULL,NULL,'2023-10-02 03:00:12','2024-12-20 03:29:29'),
(88,UUID(),'Herdiyana','$2y$10$Ojsaoli8D365aPwa8YDf8uGpDTMtu6gfmd/Sx6NY1gRExmVn9S0Ne','auditor1','Dr. Herdiyana, MM','herdiyana@unpak.ac.id',NULL,NULL,NULL,NULL,NULL,'2023-10-02 03:01:29','2025-01-02 03:36:35'),
(91,UUID(),'Ade Heri','$2y$10$B0ruVIuyfYNLd5Rxuben6OFaUPeTydzUPv3wV985J5TlohB6XAkjO','auditor1','Dr. Ade Heri Mulyati, M.Si','adeheri.mulyati@unpak.ac.id',NULL,NULL,NULL,NULL,1,'2023-10-02 03:01:51','2024-12-10 01:56:13'),
(94,UUID(),'Iwan Darmawan','$2y$10$FPwzLhPlJk57Nvzmz62MK.rND1N2m5tGKoFkWwAj1lKncgcNdHjOK','auditor1','Dr. Iwan Darmawan, MH','iwan.darmawan@unpak.ac.id',NULL,NULL,NULL,NULL,NULL,'2023-10-02 03:02:21','2024-11-30 08:54:15'),
(97,UUID(),'Irvan Permana','$2y$10$NBKVlwCp9Rb9ZRbXvcNXGeDabp1wB70aRCWGvTiMGbhnDfgzPK.ze','auditor1','Dr. Irvan Permana, M.Pd','irvanpermana@unpak.ac.id',NULL,NULL,NULL,NULL,NULL,'2023-10-02 03:02:36','2024-11-30 08:54:32'),
(103,UUID(),'Helen Susanti','$2y$10$wM6644lf0gqLwBSYnk1vFOk89QCD8uu8vtiuG0LOhywEiY/3MbIua','auditor1','Helen Susanti, M.Si','helen.susanti@unpak.ac.id',NULL,NULL,NULL,NULL,NULL,'2023-10-02 03:03:18','2024-11-30 08:54:50'),
(106,UUID(),'Haqni Wijayanti','$2y$10$FZg.TYn0tbAKcsL.9Ml/tufTzlep7VSSkWyEqkFWPRx/P.vsiapbi','auditor1','Haqni Wijayanti, M.Si','hagnijantix@unpak.ac.id',NULL,NULL,NULL,NULL,1,'2023-10-02 03:04:00','2024-12-08 13:43:16'),
(112,UUID(),'Rita Retnowati','$2y$10$ncRLgGe9LLPM9P.e3NqP3.evq6mxWjWdepMjLerwS1lznwyPLX1Rq','auditor1','Dr. Rita Retnowati, MS','ritaretnowati@unpak.ac.id',NULL,NULL,NULL,NULL,NULL,'2023-10-10 02:17:53','2024-11-30 08:55:34'),
(115,UUID(),'Hari Muharam','$2y$10$gr5Sua95GJRIlvtGecwamexnPlKrRBGK2bNYNSBkIZbnaziH5iYQi','auditor1','Dr. Hari Muharam, S.E.,M.M','hari.muharam@unpak.ac.id',NULL,NULL,NULL,NULL,NULL,'2023-10-10 02:20:37','2025-10-02 06:01:03'),
(118,UUID(),'Ellyn Octavianty','$2y$10$Ft37tJ9cQiOCJKDASllrgeGuYnJCXeo8iy0WawYxeYv/nxnfsyhoK','auditor1','Ellyn Octavianty, SE,. MM','ellynoctavianty@unpak.ac.id',NULL,NULL,NULL,NULL,NULL,'2023-10-10 02:29:19','2024-11-30 08:56:03'),
(121,UUID(),'Heny Purwanti','$2y$10$4poGlC3wQ1h63/Y7bDFFZuivGASsoFEaT8ALhztETZqZnj4mEWtDO','auditor1','Heny Purwanti, M.T','henypurwanti@unpak.ac.id',NULL,NULL,NULL,NULL,NULL,'2023-10-10 02:29:49','2024-11-30 08:56:18'),
(124,UUID(),'Patar Simamora','$2y$10$VHqgr8ldkVIo.oZf0JMcAOB2NurxmJndMLM4VXgQLf83yJri7PHyK','auditor1','Patar Simamora, S.E.,M.M','patar.simamora@unpak.ac.id',NULL,NULL,NULL,NULL,NULL,'2023-10-10 02:30:14','2024-11-30 08:56:35'),
(127,UUID(),'Solihin','$2y$10$NcQ7MK7TuQNFtjICSv/TF.Ieur1xoNK5/aON8Y.fDuoi5X5So8fuG','','Solihin, M.T','solihin@unpak.ac.id',NULL,NULL,NULL,NULL,1,'2023-10-10 02:30:42','2025-10-21 08:44:48'),
(151,UUID(),'Istiqlaliah','$2y$10$eGhZQKpMT0zDrJE0pkVwMO8T0NacgAN4A3gC8Q9ZZj4fPFVrJlcnK','auditor2','Dr. Istiqlaliah Nurul Hidayati, M.Pd','istiqlaliah@unpak.ac.id',NULL,NULL,NULL,NULL,NULL,'2023-10-16 02:13:49','2025-01-17 04:06:43'),
(154,UUID(),'Eri Sarimanah','$2y$10$Gy37kYsYRjPjU9EmtS9z8OORQmSByxiHY8k.dK6XXPjwxg4SXWQJ.','auditor2','Prof. Dr. Eri Sarimanah, M.Pd','erisarimanah@unpak.ac.id',NULL,NULL,NULL,NULL,NULL,'2023-10-16 02:15:00','2024-12-02 01:33:21'),
(157,UUID(),'Yuary Farradia','$2y$10$p.DsD1UpH7MSYK8RUeIDr.0ZE4rBzDpEL.dHp4reU3eWIOtV/GdHm','auditor2','Dr. Ir. Yuari Farradia, M.Sc','yuary.farradia@unpak.ac.id',NULL,NULL,NULL,NULL,NULL,'2023-10-16 02:15:18','2024-11-30 08:46:02'),
(160,UUID(),'Andi Chaerunnas','$2y$10$NnPLz8wDZqsl6eeFrdadeuokvdoaU74uAIRGHqDfS0aXhrJK7vQ5O','auditor2','Dr. Andi Chairunnas, M.Pd,.M.Kom','andichairunnas@unpak.ac.id',NULL,NULL,NULL,NULL,NULL,'2023-10-16 02:15:33','2024-11-30 08:46:27'),
(163,UUID(),'Griet Helena','$2y$10$Lpm3B5YTXfPxzEy7fSywKu8J78baQKHMHJp8Xn10UhyFy2sO9OUzi','auditor2','Dr. Griet Helena Laihad, M.Pd','grihela@unpak.ac.id',NULL,'FOTO GHL.jpeg',NULL,NULL,1,'2023-10-16 02:15:47','2024-12-15 21:55:11'),
(166,UUID(),'Agung Fajar','$2y$10$2UczRfpQIwbSWzAKQDvSBeSjk1W2nCxvTqbgMFCOiR2NBU4HZc6Wm','auditor2','Dr. Agung Fajar Ilmiyono, SE., M.Ak.,AWP.,C.F.A.,CAP','agung.fajar@unpak.ac.id',NULL,'IMG_Foto Agung.jpg',NULL,NULL,NULL,'2023-10-16 02:16:07','2024-12-20 02:49:32'),
(169,UUID(),'Edy Rohaedi','$2y$10$NWQ8P.vWVdlPIblw9gEcZeN4P/DkUP8hJR5/1HGLginlIkSH1NzhW','auditor2','Edy Rohaedi, SH.,MH','edi.rohaedi@unpak.ac.id',NULL,NULL,NULL,NULL,NULL,'2023-10-16 02:16:20','2024-11-30 08:51:52'),
(172,UUID(),'Prihastuti Harsani','$2y$10$9HmAtDW7aNCQcWIEzfbp1Of6Iv6vkOdRycUupQIr/sEZUpZwokkN.','auditor2','Dr. Prihastuti Harsani, M.Si','prihastuti.harsani@unpak.ac.id',NULL,NULL,NULL,NULL,NULL,'2023-10-16 02:16:47','2024-11-30 08:52:13'),
(175,UUID(),'Herman','$2y$10$I5yrPAYhJ.TuMKC074XRfuh7JzS0ZVA1oZW/ababPS0crsWJSyZMa','auditor2','Dr. Herman, M.M','herman_fhz@unpak.ac.id',NULL,'Herman_Foto.jpeg',NULL,NULL,NULL,'2023-10-16 02:16:58','2025-07-28 04:28:46'),
(178,UUID(),'Cantika Zaddana','$2y$10$YdU4yWZks3STeHfZ1ATLEeTl1qDVuM9oCbnOg8zVpmNOhEiHlvUb6','auditor2','Cantika Zaddana, S.Gz, M.Si','cantika.zaddana@unpak.ac.id',NULL,'the newest.jpg',NULL,NULL,NULL,'2023-10-16 02:17:09','2025-07-28 04:19:06'),
(181,UUID(),'Indri Yani','$2y$10$s/H7aWFfQtt4zKigwfOiCum32qMZNif0OtgYMQOxDBAyEKINny/JS','auditor2','Dr. Indri Yani, M.Pd','indri@unpak.ac.id',NULL,NULL,NULL,NULL,1,'2023-10-16 02:17:18','2024-12-01 00:43:10'),
(184,UUID(),'Indarini','$2y$10$ahihMYC9oWJKy06gWNuIFuO0/0GjgbOAlSi8jHIQdoOM3kIJOS.4y','auditor2','Prof. Dr. Indarini Dwi Pursitasari, M.Si','indarini.dp@unpak.ac.id',NULL,NULL,NULL,NULL,NULL,'2023-10-16 02:17:29','2024-11-30 08:52:34'),
(187,UUID(),'Dolly Priatna','$2y$10$M1ss6YWCHT6liuvVH5mar.KnjGvXHDpInv11OdZ9/lVqiqXBNOc.q','auditor2','Dr. Dolly Priatna, M.Si','dollypriatna@unpak.ac.id',NULL,'Dolly Priatna Foto Cop21 paris_2015.JPG',NULL,NULL,NULL,'2023-10-16 02:17:39','2025-04-11 04:19:59'),
(190,UUID(),'Anna Permanasari','$2y$10$IDydlEycrG3m5V/WmJon4OoujMG3fi5DYrVIyYUPz0vczZDdRWJZ6','auditor2','Prof. Dr. Anna Permanasari, M.Si','anna.permanasari@unpak.ac.id',NULL,NULL,NULL,NULL,NULL,'2023-10-16 02:17:53','2024-11-30 08:53:13'),
(193,UUID(),'Indarti','$2y$10$xuM1b3lGEVsGp02vg7mnMOlyIJe5TxOAMptBuek4D9K83uqRiA66q','auditor2','Dr. Indarti Komala Dewi. M.Si','indarti@unpak.ac.id',NULL,NULL,NULL,NULL,NULL,'2023-10-16 02:18:10','2024-11-30 08:53:30'),
(196,UUID(),'Herdiyana','$2y$10$lnejzMvghFjgSD7aPe6pB.kthh2v1OISmCrD4yrxThmXdBykaM7oy','auditor2','Dr. Herdiyana, MM','herdiyana@unpak.ac.id',NULL,NULL,NULL,NULL,NULL,'2023-10-16 02:18:20','2024-11-30 08:53:47'),
(199,UUID(),'Ade Heri','$2y$10$KUsCg4hycazNPNzbOr.E5eaCHbVIV3LFfB3/HU23y/U58ZXUjJORC','auditor2','Dr. Ade Heri Mulyati, M.Si','adeheri.mulyati@unpak.ac.id',NULL,'FOTO JAS ADE HERI.jpeg',NULL,NULL,1,'2023-10-16 02:18:30','2024-12-16 11:32:40'),
(202,UUID(),'Iwan Darmawan','$2y$10$kVEi2awkz21XXS5qm6Ce9OFxGaZjWNYquvpVK52I8XHvmiYCUNELW','auditor2','Dr. Iwan Darmawan, MH','iwan.darmawan@unpak.ac.id',NULL,NULL,NULL,NULL,NULL,'2023-10-16 02:18:42','2024-11-30 08:54:22'),
(205,UUID(),'Irvan Permana','$2y$10$cPPacELnWOcUh7M/a7N66OsaQhNdzeiVJyK9S5RfI711gog8Z9THm','auditor2','Dr. Irvan Permana, M.Pd','irvanpermana@unpak.ac.id',NULL,NULL,NULL,NULL,NULL,'2023-10-16 02:18:53','2024-11-30 08:54:39'),
(208,UUID(),'Helen Susanti','$2y$10$pNTeg.CubrZz7v8rDf.queIQob5NLKWu203jcZJHXqMKWOpQUR2NK','auditor2','Helen Susanti, M.Si','helen.susanti@unpak.ac.id',NULL,NULL,NULL,NULL,NULL,'2023-10-16 02:19:24','2024-11-30 08:54:56'),
(211,UUID(),'Haqni Wijayanti','$2y$10$3ZS0kz08B2DXsKcQVX9.h.JtNgmrwBnPGbMwJylKPsod.JMHAuDe.','auditor2','Haqni Wijayanti, M.Si','hagnijantix@unpak.ac.id',NULL,NULL,NULL,NULL,NULL,'2023-10-16 02:19:35','2025-03-20 04:14:47'),
(214,UUID(),'Rita Retnowati','$2y$10$ylZt7LWLGuVqVnsgLueEQ..CjTJVB1hGasxdN7Ae4lpC/UlYiEGai','auditor2','Rita Retnowati','ritaretnowati@unpak.ac.id',NULL,NULL,NULL,NULL,NULL,'2023-10-16 02:19:46','2024-11-30 08:55:39'),
(217,UUID(),'Hari Muharam','$2y$10$262w7uUNxbI3BzehL6hXV.50/k/Z3b2fCebHrgI7pNTLqmuREVtp6','auditor2','Dr. Hari Muharam, SE.,MM.,CIHCM','hari.muharam@unpak.ac.id',NULL,NULL,NULL,NULL,NULL,'2023-10-16 02:20:00','2025-10-02 06:01:11'),
(220,UUID(),'Ellyn Octavianty','$2y$10$9eF012HeKIveFdXo7wibwenBg4FY3Mwua.p6Y9q.GysWdWG9UXfa6','auditor2','Ellyn Octavianty, SE., MM','ellynoctavianty@unpak.ac.id',NULL,NULL,NULL,NULL,NULL,'2023-10-16 02:20:10','2024-11-30 08:56:09'),
(223,UUID(),'Heny Purwanti','$2y$10$j./Fj3eS3ZiaxF8C09Zxs.olJ6r6Arcys2Nlm0j7Jqk74RhF9pNCW','auditor2','Heny Purwanti, M.T','henypurwanti@unpak.ac.id',NULL,'FOTO.jpg',NULL,NULL,NULL,'2023-10-16 02:20:20','2024-12-16 12:21:31'),
(226,UUID(),'Patar Simamora','$2y$10$k9Bn3veF6Wj7dCxjUDGf3OryaWi9FvzTHNooQmcYI4EWNplJb2q6u','auditor2','Patar Simamora, SE., M.Si.','patar.simamora@unpak.ac.id',NULL,NULL,NULL,NULL,NULL,'2023-10-16 02:20:33','2024-12-30 07:05:10'),
(229,UUID(),'Solihin','$2y$10$5onF1l43ZlfS3xK/8h.km.qfp.MNO0zJD8ch4zk3IFXY2FwvgGXey','auditor2','Solihin, M.T','solihin@unpak.ac.id',NULL,'Solihin.jpg',NULL,NULL,1,'2023-10-16 02:20:50','2024-12-19 04:31:48'),
(232,UUID(),'Fakultas Hukum','$2y$10$9LPF7aie0Yc1F2kAp8yXRu9XyYJpmon1BfMm9ZrUPngDX7j3QvxC6','auditee','Dr. Eka Ardianto Iskandar, S.H., M.H. (Dekan FH)','fakultashukum@unpak.ac.id',91,'OIP (1).jfif',NULL,NULL,NULL,'2023-10-16 02:25:53','2025-10-29 06:08:05'),
(235,UUID(),'Ilmu Hukum','$2y$10$gnvb6sNXoPUrkkpCHiwS9uLLY0xQm4LQ2L9osFjJ8j2b7Ke1IKw26','auditee','Ari Wuisang, SH., MH. ( Kaprodi Ilmu Hukum S1)','fakultashukum@unpak.ac.id',1,'OIP (1).jfif',NULL,NULL,NULL,'2023-10-16 02:31:24','2025-10-29 06:52:40'),
(241,UUID(),'FEB','$2y$10$JYKed7BSLvrppl5/U91AUOYQk.C1B5yj1Jbe94GxAsH9AKKalr5yW','auditee','Towaf Totok Irawan, S.E., M.E., Ph.D (Dekan FEB)','dummy@gmail.com',94,NULL,NULL,NULL,NULL,'2023-10-17 03:15:51','2025-10-14 07:23:52'),
(244,UUID(),'Akuntansi','$2y$10$N6VxM0ovQHpgE7OHIAgs5ehuc8peG.RJLsKVd22Iy6UPb2YuNgfJu','auditee','Dr. Heru Satria Rukmana, S.E., Ak., M.M (Kaprodi Akuntansi)','akuntansi@unpak.ac.id',4,NULL,NULL,NULL,NULL,'2023-10-17 03:24:31','2025-10-11 03:15:10'),
(247,UUID(),'Manajemen','$2y$10$j0C06V86F4NBXEITynbaBupk8ZVFtvFkLKPN3lKQA2/d0wri5vjMS','auditee','Prof.Dr. Yohanes Indrayono, Ak.,MM (Kaprodi Manajemen S1)','upmps.s1mjn@unpak.ac.id',2,'Logo Mjn New.jpg',NULL,NULL,NULL,'2023-10-17 03:26:11','2025-10-04 05:18:10'),
(250,UUID(),'Bisnis Digital','$2y$10$ENlyFXwPHOVL.TBwxIlOLOnxS7sFQxG/stsGPZY2YFCQ7rZQN3iLO','auditee','Dr. Abel Gandhy, S.Pi., MM (Kaprodi Bisnis Digital)','bisnisdigital@unpak.ac.id',3,'bdi.png',NULL,NULL,NULL,'2023-10-17 03:32:18','2025-10-28 03:36:42'),
(253,UUID(),'FKIP','$2y$10$99t67kLzuqg7FiQ.ypVGgOL6fBxEqEzS3UtQ10mEussugvrJgVdpy','auditee','Dr. H. Eka Suhardi, M.Si. (Dekan FKIP)','fkip@unpak.ac.id',97,NULL,NULL,NULL,NULL,'2023-10-17 03:33:57','2025-10-21 02:35:47'),
(256,UUID(),'PBSI','$2y$10$I1YOEDUqUD//yo1WVz8rKOSiUEhwzW5um6PH4IPN3G9YkYHjmIxwe','auditee','Stella Talitha, M.Pd. (Kaprodi PBSI)','fkip.indo@unpak.ac.id',10,'Stella Talitha.jpeg',NULL,NULL,NULL,'2023-10-17 03:36:08','2025-10-30 01:32:00'),
(259,UUID(),'PBI','$2y$10$dmqnLUUrlZEHkf/hRQbqXuXKaCm8VPDbIPlOlSUU7zG6Y3LvAc.46','auditee','Abdul Rosyid, M.Pd. (Kaprodi PBI)','englishedu.fkip@unpak.ac.id',11,'Abdul Rosyid_Foto.jpg',NULL,NULL,NULL,'2023-10-18 02:23:48','2025-11-24 09:21:05'),
(262,UUID(),'Pen.Biologi','$2y$10$EIqS5RmbzDgGsw1H4FJ.r..Y3ZHUe/Lj4RLtdOUfnCyLYED99GOWq','auditee','Lufty Hari Susanto, M.Pd. (Kaprodi P.Biologi)','pendbiologifkip@unpak.ac.id',5,'WhatsApp Image 2025-06-20 at 15.33.04_1bad4e61.jpg',NULL,NULL,NULL,'2023-10-18 02:24:44','2025-11-18 01:42:16'),
(265,UUID(),'PGSD','$2y$10$9jLvr.47Rl.4TDbTmCkNBunHYa/x96PfG3dTHg9uv7dD.WOKpAIuy','auditee','Dr. Nita Karmila, M.Pd. (Kaprodi PGSD)','dummy@gmail.com',7,NULL,NULL,NULL,NULL,'2023-10-18 02:25:27','2025-10-04 05:20:57'),
(268,UUID(),'Pen.IPA','$2y$10$L7V4B2hifItRUhPM0OkMLuo8PykCHdzAtHMDUKJCCJkbYpaEGKrza','auditee','Lilis Supratman, M.Si. (Kaprodi P.IPA)',NULL,NULL,NULL,NULL,NULL,0,'2023-10-18 02:26:04','2023-10-18 02:26:04'),
(271,UUID(),'PPG','$2y$10$.PoPnL6lGPDuGtwqfyv5ouvwVpbNdlWl9LhkYd830BX./4y1tXTTu','auditee','Dr. Indri Yani, M.Pd (Kaprodi PPG)','ppg@unpak.ac.id',9,NULL,NULL,NULL,NULL,'2023-10-18 02:27:00','2025-10-30 03:52:57'),
(274,UUID(),'Fisib','$2y$10$XaYcZ/d9YAjreFKlyAH52.ikqE8jbiTahU2xC188gNt1FpvO7d./i','auditee','Dr. Muslim, M.Si (Dekan Fisib)','dekanfisib.2020@unpak.ac.id',100,NULL,NULL,NULL,NULL,'2023-10-18 02:28:09','2025-10-04 05:21:36'),
(277,UUID(),'Sastra Inggris','$2y$10$a8Tmi80DmTPnE.1zvNmvj./xe3RRr.wAA/nNbLxYFfMY0uMaJ3wWK','auditee','Dyah Kristyowati,S.S.,M.Hum. (Kaprodi Sas.ing)','dummy@gmail.com',14,NULL,NULL,NULL,NULL,'2023-10-18 02:33:50','2025-10-04 05:21:46'),
(280,UUID(),'Sastra Jepang','$2y$10$XbWkZ2dchRgIlPIMqCuAruTSJ36LPZcxlQvmc9u4CrPckZzLTkhVa','auditee','Mugiyanti, M.Si (Kapordi Sas.Jep)','fisib.sasjep@unpak.ac.id',15,NULL,NULL,NULL,NULL,'2023-10-18 02:35:50','2025-10-04 05:21:54'),
(283,UUID(),'Sastra Indonesia','$2y$10$PPNip.mCc6n1vnfePsJT5uiulw7YjJBwmwv34Y7yV5GHEyLWiH3fe','auditee','Drs. Sasongko Suharto Putro, M.M. (Kaprodi Sas.In)','prodisastraindonesiaunpak@gmail.com',13,NULL,NULL,NULL,NULL,'2023-10-18 02:37:41','2025-10-22 07:29:19'),
(286,UUID(),'I.kom','$2y$10$i4Cdm/vLB.13TpgBnQcrYOlb.7bDkahySy2YS6U/DQBozvK.NX/km','auditee','Ratih Siti Aminah., M.Si. (Kaprodi I.Kom)','rinifirdaus@unpak.ac.id',12,'Wajah 2.jpg',NULL,NULL,NULL,'2023-10-18 02:45:04','2025-10-04 05:22:19'),
(289,UUID(),'FTeknik','$2y$10$VE6X7dMwQLGMzNhbzxFMUuZzedcAv1sxL.oAQRr.4BpU33Pf7Xyqe','auditee','Dr. Ir. Lilis Sri Mulyawati, M.Si (Dekan FT)','mutuft@unpak.ac.id',103,NULL,NULL,NULL,NULL,'2023-10-18 03:10:28','2025-10-17 03:35:40'),
(292,UUID(),'T.Geologi','$2y$10$bXTc1BuOZjVjM4SNj/e.8Ot4ZNHZQJpVlzsfV9lGcV4qf9cQPX.pq','auditee','Helmi Setia Ritma P., ST., M.Si. (Kaprodi Geologi)','solihin@unpak.ac.id',19,'WhatsApp Image 2025-11-06 at 14.00.27_f6c8fe96.jpg',NULL,NULL,NULL,'2023-10-18 03:11:39','2025-11-06 07:01:50'),
(295,UUID(),'PWK S1','$2y$10$gykHif0r19MQZJFaxiXXOueXwyHFAdf3sBkac6k5dA48aHrXFj0fS','auditee','Dr. Mujio, S.Pi., M.Si (Kaprodi PWK S1)','prodipwk@unpak.ac.id',20,'Mujio.png',NULL,NULL,NULL,'2023-10-18 03:15:07','2025-11-06 13:37:58'),
(298,UUID(),'T.Sipil','$2y$10$AJQRgqp9nxPMQz5ruhNb8eqO7FyLUmBoR9NfkQuanq9edyAc.NxI2','auditee','Ir. Wahyu Gendam P, STP., M.Si (Prodi T.Sipil)','mutuft@unpak.ac.id',17,'Screenshot 2025-10-23 193738.png',NULL,NULL,NULL,'2023-10-19 02:01:22','2025-10-23 12:37:52'),
(301,UUID(),'T.Elektro','$2y$10$WTSJE/Ew78A6V4V.UQVxi.1PO9hadLo7qob3BKOVvYd6Y1kCth/4C','auditee','Ir. Yamato, M.T (Kaprodi T.Elektro)','waryani@unpak.ac.id',16,'Capture.JPG',NULL,NULL,NULL,'2023-10-19 02:03:06','2025-10-04 05:23:18'),
(304,UUID(),'T.Geodesi','$2y$10$Nl6GnpPtKwt3yJGaAd9X0uh15g7lnYg5NAZ4v5gNjrZq7UFDNTNQi','auditee','Mohamad Mahfudz, ST., MT. (Kaprodi T.Geodesi)','prodi_geodesi@unpak.ac.id',18,'kap_gd.png',NULL,NULL,NULL,'2023-10-19 02:04:27','2025-11-07 03:38:56'),
(307,UUID(),'FMIPA','$2y$10$Wa.T9Ktxf2zH/vlscTqUlOGGP/Bhb9qwNNQFwxPftJ0ipixjq8IWy','auditee','Asep Denih, S.kom., M.Sc., Ph.D. (Dekan Fmipa)','asep.denih@unpak.ac.id',106,NULL,NULL,NULL,NULL,'2023-10-19 02:06:37','2025-10-04 05:23:52'),
(310,UUID(),'Biologi','$2y$10$xwPB65hlQIHQyh6bEv4A2Os.OvSphMt8U0heQUZKOmvNy3Y.FXtki','auditee','Dra. Triastinurmiatiningsih, M.Si','dummy@gmail.com',22,NULL,NULL,NULL,NULL,'2023-10-19 02:08:31','2025-10-20 06:16:21'),
(313,UUID(),'Kimia','$2y$10$Jw3Ed9Cgt5iFBr.dge8kCOwVbBhN2ZMFTlELc38rAmxvZajguVIwG','auditee','Dr. Uswatun Hasanah, S.Si., M.Si. (Kaprodi Kimia)','kimia@unpak.ac.id',23,'Screenshot 2025-10-29 at 10.58.07.png',NULL,NULL,NULL,'2023-10-19 03:21:12','2025-10-29 03:58:54'),
(316,UUID(),'Matematika','$2y$10$7Fc3q5JKhR.dwDY1JqX.C.DgO1niTN/94AFHuUSUPoEVqgdMqPT2a','auditee','Dr. Embay Rohaeti, S.Si., M.Si. (Kaprodi MTK)','matematika@unpak.ac.id',21,NULL,NULL,NULL,NULL,'2023-10-19 03:22:07','2025-10-04 05:24:27'),
(319,UUID(),'Ilkom','$2y$10$b0mxxIzVkTQgLrAoTbVpquxFUi0pxGKLfzNyNrrUbLOXB5oU7p6wm','auditee','Dr. Fajar Delli Wihartiko, S.Si., M.M., M.Kom (Kaprodi Ilkom)','akreilkom@unpak.ac.id',25,NULL,NULL,NULL,NULL,'2023-10-19 03:53:48','2025-10-04 05:24:41'),
(322,UUID(),'Farmasi','$2y$10$inii6GEuCjDK2CUIhygo6uT94ZyhLZZJy.6TblqAvluYYU6qqLkB.','auditee','apt. Emy Oktaviani, S.Farm., M.Clin.Pharm. (Kaprodi Farmasi)','cyntiawahyuningrum@unpak.ac.id',24,NULL,NULL,NULL,NULL,'2023-10-19 03:54:17','2025-10-04 05:24:50'),
(325,UUID(),'Pascasarjana','$2y$10$QToSV66aAzlnSvVsd/b0FOnHFUnrRisVgOxV8il/qp0oWiDx4IsF2','auditee','Prof. Dr. Sri Setyaningsih, M.Si (Dekan Pascasarjana)','pasca@unpak.ac.id',109,NULL,NULL,NULL,NULL,'2023-10-20 04:15:35','2025-10-04 05:25:08'),
(328,UUID(),'MP S3','$2y$10$h8hDBbEPtnm6uwU6iL9iEe3tDxFPWTvR9sLUra876BkRwsSB292uy','auditee','Dr. Suhendra, M.Pd. (Kaprodi MP S3)','dummy@gmail.com',31,NULL,NULL,NULL,NULL,'2023-10-20 04:17:29','2025-10-04 05:25:20'),
(331,UUID(),'Manajemen S3','$2y$10$IpWslWUPWI.qH1sfkAJ4y.3d7l3MrUE63RmhAVcObRosentB1zPtu','auditee','Dr. Nancy Yusnita, SE., MM  (Kaprodi Manajemen S3)','dummy@gmail.com',26,'Nanc.jpg',NULL,NULL,NULL,'2023-10-20 04:18:26','2025-10-22 07:00:56'),
(334,UUID(),'MP S2','$2y$10$ZlbC6RizafqHg5lvcK8u/ur5hPtOBisX0qysnpBcfWo2tbuJKWJjK','auditee','Dr. Lina Novita, M.Pd. (Kaprodi MP S2)','dummy@gmail.com',32,NULL,NULL,NULL,NULL,'2023-10-20 04:19:54','2025-10-04 05:25:40'),
(337,UUID(),'ML S2','$2y$10$UrexCNIJ/8brJw3Sl7luSOdH1.mVKWkaDF18lKcG097DEns9AXZfG','auditee','Dr. Rosadi, SP, MM (Kaprodi ML S2)','dummy@gmail.com',28,NULL,NULL,NULL,NULL,'2023-10-20 04:20:39','2025-10-04 05:25:47'),
(340,UUID(),'Ilmu Hukum S2','$2y$10$H4FsiRmvZJQi4gMHDug7WuL/rO903Ubl2y4fWCPK7OwsHDe/YaZ3e','auditee','Dr. Iwan Darmawan, SH., MH. (Kaprodi Ilmu Hukum S2)','dummy@gmail.com',29,NULL,NULL,NULL,NULL,'2023-10-20 04:21:23','2025-10-22 06:46:26'),
(343,UUID(),'Manajemen S2','$2y$10$IAMMrq7xpwm4CjTxwRs1zuMbrOY0GNIotCqTWGj1qOh6sVzhvQI5u','auditee','Dr. Agus Setyo Pranowo, MM., SE. (Kaprodi Manajemen S2)','dummy@gmail.com',27,NULL,NULL,NULL,NULL,'2023-10-20 04:22:12','2025-10-04 05:26:07'),
(346,UUID(),'IPA S2','$2y$10$glsT8Xpsw1xWSE7bYTcuNuh8vuWuqPY5ljoYWLqFhNZpfKBQmmkzu','auditee','Dr. Didit Ardianto, M.Pd. (Kaprodi IPA S2)','dummy@gmail.com',30,NULL,NULL,NULL,NULL,'2023-10-20 04:23:01','2025-10-04 05:26:15'),
(349,UUID(),'PWK S2','$2y$10$YjmFMhfBAPwHBiYXNTIwIOZ77/tLoB/c5RjgVOcoQO6s/7nNShWQS','auditee','Dr. Ir. Anugrah, M.Si. (Kaprodi PWK S2)','dummy@gmail.com',35,NULL,NULL,NULL,NULL,'2023-10-20 04:23:32','2025-10-04 05:26:27'),
(352,UUID(),'PENDAS S2','$2y$10$WbTeNjiAcealTWgejX5bxOfIDJAkpvl5wWpz8ILtkmMWHc9bcTpSy','auditee','Dr. Tustiyana Windiyani, M.Pd. (Kaprodi PENDAS S2)','tustiyana@unpak.ac.id',33,'Foto mamah windi 4 x 6 (1).jpeg',NULL,NULL,NULL,'2023-10-20 04:24:17','2025-10-04 05:26:35'),
(355,UUID(),'Svokasi','$2y$10$1NtL4tJs1/w4r9CRtF5q4.JydIXxQJ0Y4natXVPBIwSwd3u6qUhCG','auditee','Dr. Lia Dahlia Iryani, S.E., M.Si (Dekan SV)','sonniadarmasih123@gmail.com',112,'hehe.php',NULL,NULL,NULL,'2023-10-21 01:49:01','2025-10-04 05:27:45'),
(358,UUID(),'0413117601','$2y$10$zO51umOGlCIrOD9QS61yu.g0snHAbt33BZd2H0BwlffgDNFuqbNsO','auditee','Dr. Lia Dahlia Iryani, SE., M.Si ( KaProdi Akuntansi D3)','dahlia.iryani@unpak.ac.id',NULL,'logo vokasi.jpg',NULL,NULL,1,'2023-10-21 01:50:13','2024-12-21 01:55:43'),
(364,UUID(),'perpajakan D3','$2y$10$R1uZF6/WbF0Gmra7nuDsDupgRJyWt8tZhMMbwAFJi2plRL0EK278m','auditee','Chandra Pribadi, Ak., M.Si., CPA. (Kaprodi Perpajakan D3)','dummy@gmail.com',38,NULL,NULL,NULL,NULL,'2023-10-27 03:40:58','2025-10-04 05:28:34'),
(367,UUID(),'MPK D3','$2y$10$WVvjKmREhipH3qnw.ZQqMu5uS/gJX6eczgOrKv35E19uv6j..qGTe','auditee','Djoko Hardjanto, S.Pt, M.Si (Kaprodi MKP D3)','d3.mkp@unpak.ac.id',NULL,NULL,NULL,NULL,1,'2023-10-27 03:43:34','2024-12-13 08:43:20'),
(370,UUID(),'T.Kom D3','$2y$10$8WZTMqtZzOlcO/PCbFDOQupDUvECWvneNQgjzRt4dHAX7I0NMcMM6','auditee','Akbar Sugih Miftahul Huda, M. Kom. (Kaprodi Teknik Komputer D3)','dummy@gmail.com',36,NULL,NULL,NULL,NULL,'2023-10-27 03:44:50','2025-10-22 03:37:06'),
(373,UUID(),'S.Informasi','$2y$10$vAQBpJ./w9h0cL4IZsdXMOCaRL.1ngKGKNiw.d/HJb/WlZFASj9ku','auditee','Dian Kartika Utami, M.Kom (Kaprodi Manajemen Informatika d3)','sv_si@unpak.ac.id',37,'C83C3368 crop.JPG',NULL,NULL,NULL,'2023-10-27 03:46:13','2025-11-13 04:19:46'),
(376,UUID(),'aries','$2y$10$o.6Hly1CHcBQ4hS0.hg7q.0FLDx9kC4jLvUuEX9s4CORZjsHTDyE2','auditor1','Aries Maesya','adamilkom00@gmail.com',NULL,NULL,NULL,NULL,1,'2023-10-27 11:39:16','2024-11-29 11:22:59'),
(379,UUID(),'KKPKT','$2y$10$nFz1VGY/wBbBSkOkKff4E.Msn6xJf1Mn5K0oSxmI/9nPZQTkR5BGu','auditee','KKPKT',NULL,NULL,NULL,NULL,NULL,0,'2023-11-03 01:55:23','2023-11-03 01:55:23'),
(382,UUID(),'LPPM','$2y$10$.r1mSpN2ZkMnFoSSRWMkA.rB9R8kNiScU5Zk.YMop1MjX2XjFxlDm','auditee','Dr. Dolly Priyatna, M.Si','dollypriatna@unpak.ac.id',70,NULL,NULL,NULL,NULL,'2024-01-08 06:06:20','2025-09-01 06:09:27'),
(385,UUID(),'UNPAK PRESS','$2y$10$iTd7C7cPIFxjrMyJAp9ppetWAkLQS.TIL42.uU54SJCOlNBZ9nFfe','auditee','Nina Agustina ,S.E.,M.E','dummy@gmail.com',75,NULL,NULL,NULL,NULL,'2024-01-08 06:07:07','2025-09-01 06:08:56'),
(388,UUID(),'HUMAS','$2y$10$9bJVYOSArUTdOQMRY573ru4F.ZkzaPQkIejN8rUr9KinYsPmeDkuO','auditee','Aditya Prima Yudha, S.Pi.,M.M.','dummy@gmail.com',72,NULL,NULL,NULL,NULL,'2024-01-08 06:07:36','2025-09-01 06:11:02'),
(391,UUID(),'PERPUS_PUSAT','$2y$10$gk0H/5NydAKvXBacuSlKmu0cXdwOzhtoYuzbRWR1fCcBrCcTNvfyS','auditee','Wildan Fauzi Mubarock M. Pd','dummy@gmail.com',71,NULL,NULL,NULL,NULL,'2024-01-08 06:08:04','2025-09-01 06:17:38'),
(394,UUID(),'INOVASI','$2y$10$eckTCXLOu/RzN5FX/IkW9uEZMCxw3TcJB.i744CtYhfbXRP65SxRe','auditee','Asep Saepulrohman, M.Si','asepspl42@gmail.com',88,NULL,NULL,NULL,NULL,'2024-01-08 06:08:30','2025-10-13 02:55:15'),
(397,UUID(),'INKUBATOR','$2y$10$u6rmC98w0a.xOCtMkoEsGufnb1rdFrKfIgF3LQYfy24.wkjCQr7Ei','auditee','Asep Saepulrohman, M.Si','asepspl42@gmail.com',89,NULL,NULL,NULL,NULL,'2024-01-08 06:09:01','2025-10-13 02:55:25'),
(400,UUID(),'KEMITRAAN','$2y$10$T8J5cfA3e2kEhakjA7EKYesqCr4shHNVCB/PDKxfdMYLjA7zllDnC','auditee','Cucu Mariam, M.Pd','dummy@gmail.com',125,NULL,NULL,NULL,NULL,'2024-01-08 06:09:32','2025-09-01 06:12:04'),
(403,UUID(),'KARIR','$2y$10$s3EjXRoNPAO1qcG4flXc7.kpQbnD8XtSfpNbwcfGae/i2S7Qxflgu','auditee','Dr. Herman, SE., MM.','dummy@gmail.com',68,NULL,NULL,NULL,NULL,'2024-01-08 06:09:55','2025-09-01 06:12:58'),
(406,UUID(),'BPSI','$2y$10$5H2cyGbrhV0NDNS1u9GjvO8avGTOTze069.U3Y5tQlXaz0/hqR5iK','auditee','Aries Maesya, M.Kom','putik@unpak.ac.id',41,NULL,NULL,'$2y$10$7EZZYmgnfQ2oKb4QD1ZyIOPmL8pg3f4Mma1vnzr8dXgfLWLCgmY5O',NULL,'2024-01-11 07:28:00','2025-09-12 03:18:28'),
(407,UUID(),'BAAK','$2y$10$/5Q9ilEgbJ5iGuZ3rABJJe419Iptj1n5kpOzyItwHFIWVXxGnHyva','auditee','Dr. Eka Ardianto Iskandar, S.H., M.H.','unpak@gmail.com',91,NULL,NULL,NULL,NULL,'2024-01-26 04:23:35','2025-10-04 06:32:15'),
(410,UUID(),'BAUM','$2y$10$lomy6xBGmv0nIDkpUToxjO0m3uWPLoedAj.hCJJ/PhFK3RkaCMCQK','auditee','Wijaya Kusumah, S.E. (Kepala BAUM)',NULL,NULL,NULL,NULL,NULL,0,'2024-01-26 04:23:48','2024-02-02 01:42:32'),
(413,UUID(),'LPM','$2y$10$wF76ZOkxWSY42maN5licUu8BKbJsPb3BEaV6zNNEtH7QRYp0ixcx6','auditee','Dr. Diana Widiastuti, M.Phil','lpm@unpak.ac.id',69,NULL,NULL,NULL,NULL,'2024-02-02 02:20:14','2025-08-29 04:40:11'),
(415,UUID(),'Feri Ferdinan','$2y$10$Xi2k9oUCDaYWjSR0KX0GceYECXGvDMslSJ09x1.K4yTf8x/VYN4qq','auditor2','Dr. Feri Ferdinan Alamsyah, M.I.Kom.','feriferdinan@unpak.ac.id',NULL,'003.jpeg',NULL,NULL,1,'2024-02-15 05:53:15','2024-12-14 01:22:45'),
(418,UUID(),'aries2','$2y$10$/sEjEdpfcHfl06vV3VBoRepVXIS9OvAImHmALbBltllp/5iqhdzX.','auditor2','aries2','adamilkom00@gmail.com',NULL,NULL,NULL,NULL,0,'2024-02-15 05:53:15','2024-11-29 07:00:28'),
(421,UUID(),'Mahfudz','$2y$10$x6g4bNeJWmxOsGM14CzOIO3BgcgoULrtLvb4StI36EyBVa1VVa9Pe','auditor2','M. Mahfudz, M.T','mohamadmahfudz@unpak.ac.id',NULL,NULL,NULL,NULL,NULL,'2024-09-18 02:17:37','2025-11-26 03:08:11'),
(425,UUID(),'testauditee','$2y$10$/rcTO5xNMGIecshQKDabFe2zSUZ2hQGJrI37aZneWlIoVFMriupsO','auditee','testauditee','testauditee@gmail.com',91,NULL,NULL,NULL,NULL,'2024-10-12 02:52:23','2025-11-20 14:34:53'),
(428,UUID(),'testauditor1','$2y$10$VOPdhlRek2vzKfkBg5wYqeDCl4IyS8biHoZRcPNmc4QPBXxyyFb3a','auditor1','testauditor1','testauditor1@gmail.com',NULL,NULL,NULL,NULL,NULL,'2024-10-12 02:52:55','2025-11-20 14:35:21'),
(431,UUID(),'testauditor2','$2y$10$yXuEfDS8owHNLilpdm9WfOF3wwlhkmqWaCV8XKoH0N.bE7ZPF0Pba','auditor2','testauditor2','testauditor2@gmail.com',NULL,NULL,NULL,NULL,NULL,'2024-10-12 02:53:04','2025-11-20 14:35:46'),
(452,UUID(),'Feri Ferdinan','$2y$10$4k03/IVfdC.SUFwoMATG3.2Zw8SLGHI2rUQHZvl1AJ/ovfbWYPFmO','auditor1','Dr. Feri Ferdinan Alamsyah, M.I.Kom.','feriferdinan@unpak.ac.id',NULL,NULL,NULL,NULL,0,'2025-02-04 08:20:48','2025-02-04 08:20:48'),
(455,UUID(),'Mahfudz','$2y$10$QFZ2xuoSDdI7CXwfLsariuX8GgqHs22dVsL4tFhvOTa7f7eWvnLlS','auditor1','M. Mahfudz, M.T','mohamadmahfudz@unpak.ac.id',NULL,NULL,NULL,NULL,NULL,'2025-02-04 08:21:20','2025-11-26 03:07:51'),
(462,UUID(),'Diana Widiastuti','$2y$10$0jfbqSIIwAA61HQ29L2MAeN7T3YwEELFP/90i.kMUv/MXLea9D0Jy','auditor1','Dr. Diana Widiastuti, S.Si, M.Phil','diana@gmail.com',NULL,NULL,NULL,NULL,NULL,'2025-08-22 03:03:41','2025-11-18 03:07:55'),
(463,UUID(),'Diana Widiastuti','$2y$10$MX0iu.T.hZp6SPzxowbo5.DPH4HXnSe0pGsz0UdrnR5YQmOqUf9UO','auditor2','Dr. Diana Widiastuti, S.Si, M.Phil','diana@gmail.com',NULL,NULL,NULL,NULL,NULL,'2025-08-22 03:04:18','2025-11-18 03:21:38'),
(464,UUID(),'Muhammad Fathurrahman','$2y$10$XP40Y3XnMkbXin4kKQ4Q9.EpfTHJFPiyp91ZfTMZmaHg7S4UY1Ct.','auditor1','Dr. Muhammad Fathurrahman, S.Pd., M.Si.','fathur110590@unpak.ac.id',NULL,NULL,NULL,NULL,NULL,'2025-08-22 03:05:03','2025-11-18 03:25:41'),
(465,UUID(),'Muhammad Fathurrahman','$2y$10$94/7Jt7BWU.oB7jOo5cGzeXJVfHfTDmIky7a7XVfOm7sRde66yjTC','auditor2','Dr. Muhammad Fathurrahman, S.Pd., M.Si.','fathur110590@unpak.ac.id',NULL,NULL,NULL,NULL,NULL,'2025-08-22 03:05:27','2025-11-18 03:07:31'),
(466,UUID(),'Kecerdasan Buatan dan Robotika','$2y$10$AAwGvQ2IsbuA69LQNoGGUeHM3F8QSx/aOdYWiXnAIdB.T2eZM5xxu','auditee','Fikri Adzikri, S.T., M.T. (Ka Prodi Kecerdasan Buatan dan Robotika)','dummy@gmail.com',121,NULL,NULL,NULL,NULL,'2025-08-25 04:54:19','2025-10-04 05:30:02'),
(467,UUID(),'Ilmu Komputer S2','$2y$10$l.FSqUg2sHKY7KaP4VM2ie1sx2Dan9vqCkbevSCfwYs9eARBAgdjy','auditee','Dr. Eneng Tita Tosida, M.Si. (Ka Prodi Ilmu Komputer S2)','dummy@gmail.com',126,NULL,NULL,NULL,NULL,'2025-08-26 04:25:15','2025-10-04 05:26:53'),
(468,UUID(),'PPA','$2y$10$XeNkzrKmAW9ICXIbtz0xZessMKo7caCyyjTcxZedCTAjVJtEz8PZq','auditee','Dr. apt. Bina Lohitasari, M.Pd., M.Farm','binalohitasari@unpak.ac.id',127,'3x4.jpg',NULL,NULL,NULL,'2025-08-26 04:27:15','2025-11-12 08:55:50'),
(469,UUID(),'E-Journal FKIP','$2y$10$fKdarrKnt4UXV.vBZaqdrOm61XC16dN/UffGZLlHKb2O/Ra0FmOiW','auditee','E-Journal (Unit FKIP)','dummy@gmail.com',78,NULL,NULL,NULL,NULL,'2025-10-07 03:12:29','2025-10-07 03:13:52'),
(470,UUID(),'KKN FKIP','$2y$10$ct8G8WdqsA6icA2A0Gz0O.bIeav1synwx2AcrSBZD7i1XEHa3A3/.','auditee','KKN (Unit FKIP)','dummy@gmail.com',76,NULL,NULL,NULL,NULL,'2025-10-07 03:13:30','2025-10-07 03:14:18'),
(471,UUID(),'Bimbingan Konseling FKIP','$2y$10$uLNPCLZw5YrPiiuAxUeGL.0SFLusOnWboq411VmZrc7305fSl/3pW','auditee','Bimbingan Konseling (Unit Fkip)','dummy@gmail.com',87,NULL,NULL,NULL,0,'2025-10-07 03:18:41','2025-10-07 03:18:41'),
(472,UUID(),'Laboratorium Seni (FKIP)','$2y$10$Z93xpkC/R2v4/7CPFKwdFOBegjbuVfN4GvsM6p9CkWLruABNwsAiO','auditee','Laboratorium Seni (Unit FKIP)','dummy@gmail.com',128,NULL,NULL,NULL,NULL,'2025-10-07 04:05:52','2025-10-11 02:53:19'),
(473,UUID(),'Laboratorium Bahasa Inggris (FKIP)','$2y$10$JSmtsvgQqQEi218JqrcT8ezb8VPQLJ5WSVjKrnt.H4Crj2Ih6/NeW','auditee','Laboratorium Bahasa Inggris (Unit FKIP)','dummy@gmail.com',129,NULL,NULL,NULL,0,'2025-10-11 02:54:30','2025-10-11 02:54:30'),
(474,UUID(),'Laboratorium Microteaching (FKIP)','$2y$10$WBnKtk4qhQ8z0z0.35HwKOsAe6J3BPWFRJTKggQCwnd1d6Dj5oUGe','auditee','Laboratorium Microteaching (Unit FKIP)','dummy@gmail.com',130,NULL,NULL,NULL,0,'2025-10-11 02:55:21','2025-10-11 02:55:21'),
(475,UUID(),'Laboratorium Komputer (FKIP)','$2y$10$niw9zkI3DVJ9B1WrPd9PuupZjaZeGSikPlZGdzkiWgNHSHUqyZ5IS','auditee','Laboratorium Komputer (Unit FKIP)','dummy@gmail.com',131,NULL,NULL,NULL,0,'2025-10-11 02:56:48','2025-10-11 02:56:48'),
(476,UUID(),'AktStudio','$2y$10$zjpiSGILR4dFkAkqS3bmDuPAq40exCd66xKTTchVip4ilvY/KyQe.','admin','Admin','adamilkom00@gmail.com',NULL,'carbon (1).png',NULL,NULL,NULL,'2023-05-18 18:45:52','2025-10-13 07:28:13'),
(478,UUID(),'Verifikator FH','$2y$10$om1jTBXX9ZXW9JOSVwzGBOpB4uYNaS9NhyXpZb.nPkgaKdFbFVPUO','fakultas','Verifikator FH','dummy@gmail.com',91,NULL,NULL,NULL,NULL,'2025-10-15 01:07:12','2025-10-15 01:08:54'),
(479,UUID(),'Verifikator FEB','$2y$10$FfRY9P4cO3YdfaLNH.Gp.OcIXkD7R25Iiv0H4azIfInRwMQoLf4P2','fakultas','Verifikator FEB','dummy@gmail.com',94,NULL,NULL,NULL,0,'2025-10-15 01:07:59','2025-10-15 01:07:59'),
(480,UUID(),'Verifikator FKIP','$2y$10$prYvCgwMXmk1rZpfePGtm.ssqkqNt6.3xBV4WJcirI95Bpfc4IF0O','fakultas','Verifikator FKIP','dummy@gmail.com',97,NULL,NULL,NULL,NULL,'2025-10-15 01:16:28','2025-10-18 01:53:07'),
(481,UUID(),'Verifikator FISIB','$2y$10$7kPzGY7QrUF5UVLaM0.MmOQ/unwDwnPvb.5/BjFxn63EY5miPeNzu','fakultas','Verifikator FISIB','dummy@gmail.com',100,NULL,NULL,NULL,0,'2025-10-15 01:27:55','2025-10-15 01:27:55'),
(482,UUID(),'Verifikator FT','$2y$10$BMoP02xUWj32iEgluRaiZOTwe3L.CCfmWnEBNln0cqWQSTs.DR6Fi','fakultas','Verifikator FT','dummy@gmail.com',103,NULL,NULL,NULL,0,'2025-10-15 02:04:20','2025-10-15 02:04:20'),
(483,UUID(),'Verifikator FMIPA','$2y$10$Xv3wNbohilhZ14qRANgI.uj6UphgqYj4xoOVBwWGxkzBe7gXSG64u','fakultas','Verifikator FMIPA','dummy@gmail.com',106,NULL,NULL,NULL,0,'2025-10-15 02:04:42','2025-10-15 02:04:42'),
(484,UUID(),'Verifikator Pascasarjana','$2y$10$OtQpv.Na9bPlmC4fv.9T0.ZoQ0MoadpwKVfQ.exHadWuVfpIbBy..','fakultas','Verifikator Pascasarjana','dummy@gmail.com',109,NULL,NULL,NULL,NULL,'2025-10-15 02:06:04','2025-10-15 02:06:22'),
(485,UUID(),'Verifikator Vokasi','$2y$10$D.S5m6co.G8Qf.7z4UFATexnxvZKtNcxQ2i9Vf5RpsUa3wGnhLXLS','fakultas','Verifikator Vokasi','dummy@gmail.com',112,NULL,NULL,NULL,0,'2025-10-15 02:06:45','2025-10-15 02:06:45'),
(486,UUID(),'Singgih Irianto','$2y$10$og1dbBHJn4cSP9f0PdQpTugmEPBEfzDZYU9PRPCZnhy4oelLnx77K','auditor1','Dr. Singgih Irianto, MT','dummy@gmail.com',NULL,NULL,NULL,NULL,NULL,'2025-11-18 02:39:20','2025-11-18 03:08:03'),
(487,UUID(),'Singgih Irianto','$2y$10$4hShGb.9/B0m09SayZq2hOXlQQ5s1V/BqdUw0l3f3HVIuVURHStNi','auditor2','Dr. Singgih Irianto, MT','dummy@gmail.com',NULL,NULL,NULL,NULL,0,'2025-11-18 02:53:45','2025-11-18 02:53:45'),
(488,UUID(),'Siti Warnasih','$2y$10$y8YKA148yLICYrW7aljF3exTov/RhvrLjo/OPTiR4i9rgNXTBvwEK','','Siti Warnasih, M.Si','siti.warnasih@unpak.ac.id',NULL,NULL,NULL,NULL,1,'2025-11-18 02:56:59','2025-11-28 08:16:33'),
(489,UUID(),'Kotim Subandi','$2y$10$Mp9gHKhzY4ZD8Rg63lWDI.3glqu.7JfUcvjFMjD3E0VymH7yS6Taa','auditor2','Kotim Subandi, S.Kom., M.T','dummy@gmail.com',NULL,NULL,NULL,NULL,0,'2025-11-18 02:59:29','2025-11-18 02:59:29'),
(490,UUID(),'Oktori Kiswati Zaini','$2y$10$6VbLUp.5pzxIlj7Lh9UYruy/dCnEOOse/FtWya3eZoFcww9tbRpzq','auditor2','Oktori Kiswati Zaini, S.E., M.M','dummy@gmail.com',NULL,NULL,NULL,NULL,0,'2025-11-18 03:04:30','2025-11-18 03:04:30'),
(491,UUID(),'Delta Hadi Purnama','$2y$10$56ho7lpNkmeG30LYvUqJrOyUu0lUyUxzzTCjsA4Ui7Fdx3FC6AHXa','auditor2','Delta Hadi Purnama, S.E., M.E.Sy','dummy@gmail.com',NULL,NULL,NULL,NULL,0,'2025-11-18 03:06:05','2025-11-18 03:06:05'),
(492,UUID(),'Mahifal','$2y$10$ar.TiK3rWqZiaURdnlEKEeJxCgxd6vq9mp.6a60AcrMtfpQP/IiLm','auditor2','Dr. Mahifal, S.H., M.H','dummy@gmail.com',NULL,NULL,NULL,NULL,0,'2025-11-18 03:12:21','2025-11-18 03:12:21'),
(493,UUID(),'Atti Herawati','$2y$10$6Cynt4Y.62D5dIvRSezL1edR3YykT8bPqrMUng2v/lbjERHMGykfO','auditor2','Dr. Atti Herawati, M.Pd','dummy@gmail.com',NULL,NULL,NULL,NULL,0,'2025-11-18 03:13:55','2025-11-18 03:13:55'),
(494,UUID(),'Anwar Sulaiman','$2y$10$yGj/ws9BnataxAOZLphVTuTJ/SX2wmjitKxjOKWMV.EJ3ndRlwjzG','auditor2','Dr. Anwar Sulaiman, S.E., M.M. S.H','dummy@gmail.com',NULL,NULL,NULL,NULL,0,'2025-11-18 03:17:24','2025-11-18 03:17:24'),
(495,UUID(),'Desti Herawati','$2y$10$P6u5YQJ9UaOo0DDRPMdme.TgmHwP/po4NS3oFfQSEKie5a6pPdDwS','auditor2','Desti Herawati, M.Pd','dummy@gmail.com',NULL,NULL,NULL,NULL,0,'2025-11-18 03:18:18','2025-11-18 03:18:18'),
(496,UUID(),'Diana Amaliasari','$2y$10$63M4MS2cG377YotjbdcFu.Kc339XTYLvZuJBDbsFV6jGj0a8s0Wie','auditor2','Diana Amaliasari, M.Si','dummy@gmail.com',NULL,NULL,NULL,NULL,0,'2025-11-18 03:20:13','2025-11-18 03:20:13'),
(497,UUID(),'Siti Maimunah','$2y$10$ULGXj8hRcyQx91N6oJZXbe5F2pRCV..we3hxUUCWM5FeOQNtVbZZ2','auditor2','Dr. Siti Maimunah, S.E., M.Si','dummy@gmail.com',NULL,NULL,NULL,NULL,0,'2025-11-18 03:22:57','2025-11-18 03:22:57'),
(498,UUID(),'Abdul Kohar','$2y$10$DcPpqO6SFkB7xmIJ0DWtLO3bJifXhgxmrtXfrFaTD/544My0wFugy','auditor2','Dr. Abdul Kohar, S.E., M.Ak','dummy@gmail.com',NULL,NULL,NULL,NULL,0,'2025-11-18 03:24:00','2025-11-18 03:24:00'),
(499,UUID(),'Henny Suharyati','$2y$10$QVWvoz9zHb8OMkcAE2U6S.kFZCHpJO04tnNRb97v8zRWa4J4CP2HS','auditor1','Prof. Henny Suharyati, M.Pd','dummy@gmail.com',NULL,NULL,NULL,NULL,0,'2025-11-18 03:27:10','2025-11-18 03:27:10'),
(500,UUID(),'Dewi Taurusyanti','$2y$10$v3GajUxO109oUgxEmNfN4eFbaTwE5wPfHOJUmrSlTO1gDRe.1xINm','auditor2','Dr.  Dewi Taurusyanti, S.E., M.M','dummy@gmail.com',NULL,NULL,NULL,NULL,0,'2025-11-18 03:28:26','2025-11-18 03:28:26'),
(501,UUID(),'Yenny Febrianty','$2y$10$zcmAyyqEOzxwmZeTwXk6tuEGXiC8BFoQQtTopOM90pdfRDZGj47L6','auditor2','Dr. Yenny Febrianty, S.H., M.Hum., M.Kn','dummy@gmail.com',NULL,NULL,NULL,NULL,0,'2025-11-18 03:32:45','2025-11-18 03:32:45'),
(502,UUID(),'Hasrul','$2y$10$52TbWvyZ0AMNlGUJRx1Nqe1p9SIPNgOvRUd2VvonqGSQuRCjQU.uG','auditor2','Dr. Hasrul, MM','dummy@gmail.com',NULL,NULL,NULL,NULL,0,'2025-11-18 03:33:31','2025-11-18 03:33:31'),
(503,UUID(),'Elly Sukmanasa','$2y$10$67Q51YyGYL3v4MCf0pB.QOfB8NnlNwMXfBzl7KQ0hvGvSdalTXAEu','auditor2','Dr. Elly Sukmanasa, M .Pd','dummy@gmail.com',NULL,NULL,NULL,NULL,0,'2025-11-18 03:37:11','2025-11-18 03:37:11'),
(504,UUID(),'Yunita Rahma','$2y$10$ocjML4tg1woR/rcNzhuBEOMyxiLwzRZT7c3clNwZwHVwbYeKTECv6','auditor2','Yunita Rahma, M.Kom','dummy@gmail.com',NULL,NULL,NULL,NULL,0,'2025-11-18 03:39:50','2025-11-18 03:39:50'),
(505,UUID(),'Muhammad Reza','$2y$10$rq6fwxWrjZOG3ncTOllOp.xr953gDUjzyS3nn5KiEoOzt9/CNIRSu','auditor2','Muhammad Reza, M.Si','dummy@gmail.com',NULL,NULL,NULL,NULL,0,'2025-11-18 03:40:33','2025-11-18 03:40:33'),
(506,UUID(),'Evyta Wismiana','$2y$10$X6bO.FXvxbHkmVFdGf0uCOcw6LsDsLYToIKiDwG7b6HoDwagis1tm','auditor2','Evyta Wismiana, S.T., M.T','dummy@gmail.com',NULL,NULL,NULL,NULL,0,'2025-11-18 03:42:35','2025-11-18 03:42:35'),
(507,UUID(),'Restiawan Permana','$2y$10$gcPXVufgqxrSfp.ECT4Npu6.ideN4MX9k8pgfLFlXinJ4wIkFOm5a','auditor2','Restiawan Permana, M.Si','dummy@gmail.com',NULL,NULL,NULL,NULL,NULL,'2025-11-18 03:44:36','2025-11-18 03:44:53'),
(508,UUID(),'Helmi Setia Pamungkas','$2y$10$qDsFf7n1sdqDrL8RRYzDEeu6CHMmrzXYUPie26/fIA1s.fY3OgwaC','auditor2','Helmi Setia Pamungkas, S.T., M.Si','dummy@gmail.com',NULL,NULL,NULL,NULL,0,'2025-11-18 04:09:45','2025-11-18 04:09:45'),
(509,UUID(),'Lia Amelia Megawati','$2y$10$X9sk8HKDTu86lfIqUzU2DuZO54LECqpCV4HLv8/esbwaIO.4kYTtu','auditor2','Lia Amelia Megawati, S.pd., M.T','dummy@gmail.com',NULL,NULL,NULL,NULL,0,'2025-11-18 04:10:28','2025-11-18 04:10:28'),
(510,UUID(),'Yan Noviar Nasution','$2y$10$WWcNPMusu9qjamfpWdnoPekx0MpHbMXd1FXd07fda72xWOtrZaaJC','auditor1','Dr. Yan Noviar Nasution, S.E., M.M., CA','dummy@gmail.com',NULL,NULL,NULL,NULL,0,'2025-11-18 04:11:45','2025-11-18 04:11:45'),
(511,UUID(),'Komarudin','$2y$10$Dw653hB21hTX4N8M.050c.39b5AOxb.ZmJMLyRCxyUnTOUG5uXcAW','auditor2','Komarudin, M.H','dummy@gmail.com',NULL,NULL,NULL,NULL,0,'2025-11-18 04:12:43','2025-11-18 04:12:43'),
(512,UUID(),'Dwi Rini Sovia Firdaus','$2y$10$q4kKllXwk6z1ZBn4zmVT3uX29/rK3af.I4qyr1eGZBgaU2IL1rpPW','auditor2','Dr. Dwi Rini Sovia Firdaus, M. Comn','dummy@gmail.com',NULL,NULL,NULL,NULL,0,'2025-11-18 04:13:41','2025-11-18 04:13:41'),
(513,UUID(),'Lusi Agus Setiani','$2y$10$.RaYo/aSF/YIwKrr/gpVLOy2I6YOlz8mIo/RwKZiyGgYSbuS6shB2','auditor2','Dr. apt. Lusi Agus Setiani, M.Farm','dummy@gmail.com',NULL,NULL,NULL,NULL,0,'2025-11-18 04:14:31','2025-11-18 04:14:31'),
(514,UUID(),'May Mulyaningsih','$2y$10$QsJBJO72hiuH1RSRh/xLn.93krIkX/e4tEEpZBauWH.5BfbTMr9dO','auditor2','May Mulyaningsih, S.E., M.Ak','dummy@gmail.com',NULL,NULL,NULL,NULL,0,'2025-11-18 04:17:18','2025-11-18 04:17:18'),
(515,UUID(),'Sata Yoshida Srie Rahayu','$2y$10$BtXCae0raD2waLa987JayeYxCJRm6I0Lq95vARNaWiJhka/C/.9R2','auditor2','Prof. Dr. Sata Yoshida Srie Rahayu, M.Si','dummy@gmail.com',NULL,NULL,NULL,NULL,0,'2025-11-18 04:18:12','2025-11-18 04:18:12');

CREATE TABLE v_fakultas_unit (
    id BIGINT AUTO_INCREMENT PRIMARY KEY,
    uuid VARCHAR(36) NULL,
    nama_fak_prod_unit VARCHAR(255) NULL,
    kode_jenjang VARCHAR(1) NULL,
    jenjang VARCHAR(5) NULL,
    jenjang_int VARCHAR(1) NULL,
    type VARCHAR(100) NULL, 
    fakultas VARCHAR(255) NULL
);

INSERT INTO v_fakultas_unit (uuid, nama_fak_prod_unit, kode_jenjang, jenjang, jenjang_int, type, fakultas)
VALUES
(null, 'ERRROR_1', null, null, null, null, null),
(null, 'ERRROR_2', null, null, null, 'Unit', null),
('e76447c9-097a-4a1f-8c85-066058e0c299', 'PUTIK', null, null, null, 'Unit', null),
(UUID(), 'Teknik', 'C', 'S1', '1', 'Prodi', 'VOKASI'),
(UUID(), 'Ekonomi', 'A', 'S1', '1', 'Fakultas', 'EKONOMI DAN BISNIS');

